Definition ID,Canonical term,Exact operational definition,Scope,Explicit exclusions,Aliases / search terms,Hyper-tag,Object tags,Authority source,Authority effect,Status,Last reviewed,Source URL
DEF-001,Drive object identity,The immutable Google Drive file ID identifies the stored file. A declared artifact ID identifies the authored research object. Colliding artifact IDs never merge distinct Drive files.,All indexed artifacts,"Same title, same artifact ID, or byte-matched content does not create a single file object or independent evidence.",drive_id; file ID; artifact identity; collision,[[DEF:DRIVE_OBJECT_IDENTITY]],object_identity; provenance; collision_control,OP-CNS-001-R0.2; Metadata Schema,Definition only; no promotion or evidentiary weight,ACTIVE,2026-07-21,https://docs.google.com/document/d/1FwkOa06pccL_RmK63oI0oXBgGtFFRcN-MY63arzEeAA/edit
DEF-002,Exact numbered revision,"A proposal text identified by the same proposal ID and the same numbered revision. Votes on earlier drafts, summaries, implementations, or later specifications do not count as votes on that exact revision.",Consensus ballots,"Silence, general support, operator relays, and non-ballot technical reviews are excluded.",same revision; exact text; numbered revision,[[DEF:EXACT_REVISION]],governance; ballot; revision,OP-PROT-003; OP-CNS-001-R0.2,Controls vote comparability only,ACTIVE,2026-07-21,https://docs.google.com/document/d/1FwkOa06pccL_RmK63oI0oXBgGtFFRcN-MY63arzEeAA/edit
DEF-003,Affirmative vote,"An explicit AGREE or equivalent affirmative disposition filed by an eligible voting line on the exact numbered revision, without a blocking objection that changes the text being accepted.",Consensus Ballot,"Observer comments, specification acceptance, implementation review, operator summaries, and silence are not affirmative votes.",affirmative; agree; ballot,[[DEF:AFFIRMATIVE_VOTE]],vote; eligible_line; exact_revision,OP-PROT-003,Counts only when roster and revision conditions are met,ACTIVE,2026-07-21,https://docs.google.com/document/d/1WfgeRPzBlp6YCg_yNjY1GGhSOW3KcqqcMvykRcBz9tw/edit
DEF-004,Eligible voting line,"One of GP, CL, AO48, or CW/C047R for the current governance roster. Three affirmative votes on the same numbered revision pass a proposal.",Current governance cycle,Grok is nonparticipating and nonvoting. Gemini is nonvoting unless Dylan M. Roy explicitly activates Gemini for a specified ballot.,roster; eligible voter; 3 of 4,[[DEF:ELIGIBLE_VOTING_LINE]],governance_roster; majority,OP-PROT-003,Defines ballot eligibility only,ACTIVE,2026-07-21,https://docs.google.com/document/d/1WfgeRPzBlp6YCg_yNjY1GGhSOW3KcqqcMvykRcBz9tw/edit
DEF-005,Closure-ready,"The exact target, evidence, independent review, dependency effects, terminal label, required ledger updates, and human-approval requirement are all identified, with no unresolved mathematical step being relabeled as proven.",Easy Closure Queue,"Low estimated effort alone is insufficient; incomplete mathematics, ambiguous scope, or missing independent review blocks closure-ready status.",easy closure; proof-ready; terminal packet,[[DEF:CLOSURE_READY]],closure; exact_scope; review_complete,OP-PROT-004,Queue eligibility only; human approval remains separate where required,ACTIVE,2026-07-21,https://docs.google.com/document/d/199LbHqlLg1QRli85E7hVKTYdXbchHC4SPQ5wau_yjiY/edit
DEF-006,Terminal closure,"An additive final record that retires only the exact declared object or statement, preserves all provenance, states affected and unaffected dependencies, and removes the closed item from active attention queues without deleting its record.",Closure Log and active queues,"Does not widen to neighboring claims, imply theorem promotion, erase failed paths, or authorize destructive file operations.",closed exact; terminal label; retire,[[DEF:TERMINAL_CLOSURE]],terminal_record; provenance_preserved; queue_retirement,OP-PROT-004; Closure Log,Terminal only after applicable approval,ACTIVE,2026-07-21,https://docs.google.com/document/d/199LbHqlLg1QRli85E7hVKTYdXbchHC4SPQ5wau_yjiY/edit
DEF-007,Independent review,"A non-author review that reconstructs or re-executes the decisive object, verifies its object definition and scope, and does not merely repeat a shared derivation, summary, fixture, or code lineage.",Mathematical and computational qualification,"Model-count agreement, copied code execution, and author self-tests are not independent review by themselves.",outside review; non-author; reconstruction,[[DEF:INDEPENDENT_REVIEW]],review_independence; reconstruction; lineage,Review Independence; Metadata Schema,Evidence-grade control; does not self-promote an object,ACTIVE,2026-07-21,https://docs.google.com/spreadsheets/d/1O6x8ivmaVUxYqKmCOXmToIHpMXqDI362ibqBl8HY8no/edit
DEF-008,Primary evidence,"The direct proof, computation, source, raw receipt, or exact observation needed to support a state transition. Ballots, summaries, navigation aids, and consensus text cannot substitute for it.",Evidence Lineage and transitions,Secondary descriptions and governance outcomes are excluded from the primary-evidence role.,direct evidence; proof object; raw receipt,[[DEF:PRIMARY_EVIDENCE]],evidence_lineage; source; receipt,GP-AUTO-034-v1.2 architecture contract; Metadata Schema,Supports transitions only within recorded scope,ACTIVE,2026-07-21,https://docs.google.com/document/d/18-txtvK94bt2ImmuomKVM5fbUMlpccoQZajTV00xot0/edit
DEF-009,Reviewable source mirror,"A readable Drive representation of source code suitable for line-by-line inspection, while explicitly not serving as the byte-identity authority when Google Docs normalization changes spacing or line endings.",GP-DATA-054 and similar native-Docs mirrors,"Cannot establish the frozen raw-file hash, installed hash, or exact reconstruction by itself.",source mirror; readable code; Docs mirror,[[DEF:REVIEWABLE_SOURCE_MIRROR]],source_review; normalized_export; noncanonical,GP-DATA-054-v1.0 mirror notice,Inspection aid only,ACTIVE,2026-07-21,https://docs.google.com/document/d/1n5rmtvI8Xn5GIX1TUGI4KLOcYg4cC91lI6gjPQOSjdE/edit
DEF-010,Byte-exact source,"The raw source preimage whose bytes hash to the preregistered SHA-256 value. For GP-DATA-054 the declared target is 30,606 bytes and SHA-256 7f061dd71032c76e785e259a115d3dad50e6adf5274dc8b3cf7104b9c2bd4c22.",Reproducible source qualification,"A Google Docs transcription, screenshot, excerpt, or independently rewritten implementation is not the byte-exact source.",raw source; source preimage; exact hash,[[DEF:BYTE_EXACT_SOURCE]],sha256; reproducibility; raw_bytes,GP-DATA-054-v1.0; GP-AUD-055-v1.0,Required for hash-based reconstruction claims,ACTIVE,2026-07-21,https://docs.google.com/document/d/1cCI1xdvZ7sm3KwuMHmyoZmaZEbdPxohSkefuG1fXx20/edit
DEF-011,Hyper-tag,"A stable, machine-searchable token of the form [[KIND:VALUE]] used to connect definitions, objects, revisions, gates, closures, and relations across files.",Navigation and retrieval,"A hyper-tag never changes status, authority, canonical impact, ballot count, closure state, or evidence grade.",tag; backlink; semantic link,[[DEF:HYPER_TAG]],navigation; retrieval; relation_layer,Definition Registry,NONE,ACTIVE,2026-07-21,https://docs.google.com/spreadsheets/d/1O6x8ivmaVUxYqKmCOXmToIHpMXqDI362ibqBl8HY8no/edit
DEF-012,Typed relation edge,"A directed source-to-target link with a controlled relation type, exact scope, provenance source, and explicit statement of evidentiary effect.",Relation Index,"Untyped proximity, folder co-location, title similarity, or reciprocal links do not establish dependency, support, contradiction, or supersession.",edge; link type; source-target relation,[[DEF:TYPED_RELATION_EDGE]],dependency_graph; provenance; backlinks,Relation Index,Normally NONE unless underlying authoritative source establishes otherwise,ACTIVE,2026-07-21,https://docs.google.com/spreadsheets/d/1O6x8ivmaVUxYqKmCOXmToIHpMXqDI362ibqBl8HY8no/edit
DEF-013,Active attention queue,"A live worklist containing unresolved, nonterminal items that still require mathematical, technical, governance, or human action.",Open Questions; Help Board; Easy Closure Queue; priority queues,"Terminally closed, killed, or superseded items remain in historical registers but must not remain presented as active work.",active queue; open work; attention,[[DEF:ACTIVE_ATTENTION_QUEUE]],work_queue; lifecycle; terminal_record,OP-PROT-004,Routing only,ACTIVE,2026-07-21,https://docs.google.com/document/d/199LbHqlLg1QRli85E7hVKTYdXbchHC4SPQ5wau_yjiY/edit
DEF-014,Fail-closed no-fit rule,"No aggregate exponent or fitted result may be emitted when any requested field fails a mandatory gate, remains unresolved, or is excluded without a preregistered admissible reason.",Hardened exact-field pairing instrument,"A partial pass rate, author judgment, or silent removal of failed fields cannot override the rule.",no fit; mandatory gates; failed field,[[DEF:FAIL_CLOSED_NO_FIT]],pairing_instrument; selection_control; inference,GP-PRE-053; GP-DATA-054,Technical gate only; not theorem evidence,ACTIVE,2026-07-21,https://docs.google.com/document/d/1iB_N4TsFTzCSsWAZIvt23dyQ5nTf9dzw3qcomvzmCTU/edit
DEF-015,Certified endpoint arrival,"A branch endpoint is certified only when the ODE solver succeeds, a preregistered endpoint event actually fires, the event state is finite, the gradient-flow direction remains admissible, and any Newton correction is applied only after the event and remains within a recorded tolerance.",Exact-field separatrix pairing,"Max-arclength exhaustion, failed solver termination, or Newton convergence from an arbitrary final state is not endpoint arrival.",endpoint event; separatrix destination; solver status,[[DEF:CERTIFIED_ENDPOINT_ARRIVAL]],endpoint_certification; solve_ivp; dynamical_identity,GP-AUD-056-v1.0,Proposed qualification definition; does not validate existing outputs,ACTIVE-PROPOSED-GATE,2026-07-21,https://docs.google.com/document/d/14isBxF_3xAQm2e9XzXLxZ872aQo7XmVvmjVn2exln6U/edit
DEF-016,Critical-census identity replay,"Replay stability requires one-to-one periodic matching of individual critical points by type, position, value, and downstream incidence under preregistered tolerances; equality of maxima/minima/saddle counts alone is insufficient.",Critical-set completeness diagnostics,"A count signature does not establish point identity, critical-value stability, or saddle-to-maximum incidence stability.",census replay; pointwise matching; count signature,[[DEF:CRITICAL_CENSUS_IDENTITY_REPLAY]],critical_set; periodic_matching; incidence_replay,GP-AUD-056-v1.0,Proposed qualification definition; not an analytic completeness theorem,ACTIVE-PROPOSED-GATE,2026-07-21,https://docs.google.com/document/d/14isBxF_3xAQm2e9XzXLxZ872aQo7XmVvmjVn2exln6U/edit
DEF-017,Controlled relation type,"A relation verb with fixed directional semantics, such as GOVERNS, RESPONDS_TO, IMPLEMENTS, AUDITS, IDENTIFIES_BLOCKER_FOR, HAS_AFFIRMATIVE_BALLOT, HAS_CLOSURE_PROPOSAL, TERMINALLY_CLOSES, or SETS_STATE_OF.",Relation Index,"Untyped links and folder proximity cannot be interpreted as support, contradiction, dependency, supersession, or closure.",edge type; relation verb; backlink semantics,[[DEF:CONTROLLED_RELATION_TYPE]],relation_schema; directionality; semantic_links,Relation Index,Navigation semantics only unless the underlying source independently carries authority,ACTIVE,2026-07-21,https://docs.google.com/spreadsheets/d/1O6x8ivmaVUxYqKmCOXmToIHpMXqDI362ibqBl8HY8no/edit
DEF-018,Source-identity match,"A published source object satisfies source identity only when the reconstructed raw bytes have the declared byte count and the exact declared cryptographic hash. Matching length, readable text, compilation, or passing tests cannot substitute for a hash match.",Executable and machine-artifact qualification,A reversible capsule with a different SHA-256 is a distinct source object even when it has the same length and behavior on an existing test battery.,source hash; byte identity; reconstruction,[[DEF:SOURCE_IDENTITY_MATCH]],sha256; byte_count; source_object,GP-AUD-057-v1.0,Hard technical gate; no mathematical authority,ACTIVE,2026-07-21,https://docs.google.com/document/d/1xQmawVY4d-lFSKaTxI5IR_J2zYRFm8VR77OVUwzAUQQ/edit
DEF-019,Adversarial negative control,"A deliberately constructed failure-path fixture whose expected result is fail-closed rejection. It is decisive only when it isolates the claimed guard, records the exact observed behavior, and cannot pass by exercising the ordinary success path.",Instrument qualification,"Positive fixtures, self-tests authored around existing behavior, and shared primary/replay failures are not substitutes.",negative control; fault injection; failure path,[[DEF:ADVERSARIAL_NEGATIVE_CONTROL]],fault_injection; fail_closed; test_coverage,GP-DATA-058-v1.0; GP-AUD-061-v1.0; GP-DATA-060-v1.0,Test-evidence definition only,ACTIVE,2026-07-21,https://docs.google.com/document/d/1rsrD5G-c_wESgxV-RB5JibpJM_FK1YrK3SepfQtO4jc/edit
DEF-020,Replacement file,"A complete, accessible successor object that takes over the exact navigation, content, or consolidation role of the original file or declared file set before any deletion is considered.",OP-PROT-006 replacement-before-deletion workflow,"A pointer, empty stub, incomplete summary, or file that omits unresolved objections and provenance is not an adequate replacement.",replacement; successor file; consolidation target,[[DEF:REPLACEMENT_FILE]],deletion_safety; consolidation; provenance,OP-PROT-006,Eligibility prerequisite only; no deletion authority by itself,ACTIVE,2026-07-21,https://docs.google.com/document/d/18QG8Ss_DoPd_Oyitzt0pI5crnhcOe1q_wIMSUAdwVG8/edit
DEF-021,Replacement support,A written affirmation from at least one active non-author model line that identifies the replacement and states that it adequately preserves the declared role and scope of the original object or consolidation set.,OP-PROT-006 deletion eligibility,"Author self-approval, silence, folder placement, an unreviewed navigation link, or a generic agreement without the exact replacement object is not support.",non-author support; adequacy review; replacement affirmation,[[DEF:REPLACEMENT_SUPPORT]],review; support_record; deletion_gate,OP-PROT-006,One prerequisite; does not waive the clock or issue review,ACTIVE,2026-07-21,https://docs.google.com/document/d/18QG8Ss_DoPd_Oyitzt0pI5crnhcOe1q_wIMSUAdwVG8/edit
DEF-022,Clean deletion clock,"The 24-hour interval associated with an identified replacement during which no unresolved issue is filed against replacement adequacy. The exact clock origin and expiry must be recorded, and any issue stops the clock until repaired.",OP-PROT-006 deletion eligibility,"Renumbering, staging, support requests, or author claims do not start or complete the clock. Where the directive leaves the origin ambiguous, the more conservative recorded origin governs.",24-hour clock; no-issue interval; deletion waiting period,[[DEF:CLEAN_DELETION_CLOCK]],clock; issue_window; destructive_gate,OP-PROT-006; DELETION_LOG,Mandatory prerequisite; no automatic deletion at expiry,ACTIVE,2026-07-21,https://docs.google.com/document/d/1Wl0q5vwFXb7WN_PQZrBnlAK0v_OyVybsuExJZF2JLuI/edit
DEF-023,Protected or non-prunable object,"An authority, terminal, recovery, provenance, active-machine, or last-known-good object that must not be staged or deleted unless a later explicit operator instruction names that exact object and satisfies all applicable replacement and safety gates.",Staging and deletion workflow,"General housekeeping authority, duplicate appearance, or navigation inconvenience cannot override protection.",protected file; non-prunable; last-known-good,[[DEF:PROTECTED_NONPRUNABLE_OBJECT]],provenance; recovery; authority; terminal_record,OP-PROT-006; staging rules; GP-AUTO-034 Q8 boundary,Hard exclusion unless exact later authority changes it,ACTIVE,2026-07-21,https://docs.google.com/document/d/1AM7PSKqpTjD6EDw1oiOfpDKbP7vD0ggSTnqgYtF6pPw/edit
DEF-024,Revision-qualified source receipt,"A source reconstruction receipt bound to the immutable Drive file ID, an observed revision or modification time, exact extraction procedure, decoded byte count, cryptographic hash, and runtime-reported source hash. Later in-place edits create a new current-state object even when the Drive ID is unchanged.",Mutable Drive-native publication capsules and executable artifacts,"A hash result without the observed revision state, a cached export, title equality, or same Drive ID alone cannot determine the current source bytes.",revision-bound receipt; current source; cached export,[[DEF:REVISION_QUALIFIED_SOURCE_RECEIPT]],revision; drive_id; sha256; cache_control; source_identity,GP-AUD-057-v1.0; GP-AUD-061-v1.0; GP-AUD-063-v1.0,Source-identity control only,ACTIVE,2026-07-21,https://docs.google.com/document/d/1xQmawVY4d-lFSKaTxI5IR_J2zYRFm8VR77OVUwzAUQQ/edit
DEF-025,Operator authorization versus ballot majority,"A direct operator instruction may authorize a scoped operational action, override an ordinary workflow restriction, or supply a human gate, but it is not an affirmative model-line ballot and does not change a 3-of-4 consensus count unless the operator explicitly amends the voting rule for that specified ballot.",Governance and operational authorization,"Operator authorization cannot be copied into GP, CL, AO48, or CW/C047R cells as fresh votes; it cannot convert silence, prior-draft votes, or non-ballot technical responses into exact-revision affirmatives.",operator override; direct authorization; ballot separation,[[DEF:OPERATOR_AUTHORIZATION_VS_BALLOT]],governance; authority_channel; vote_count; exact_revision,OP-PROT-003; Operator Decisions,Separates authority channels; does not restrict Dylan’s substantive operator authority,ACTIVE,2026-07-21,https://docs.google.com/spreadsheets/d/1O6x8ivmaVUxYqKmCOXmToIHpMXqDI362ibqBl8HY8no/edit#gid=200010
DEF-026,Corrected six-pin pair frame,"For X_r=(f(x_m),f(x_s),f_t(x_m),f_s(x_m),f_t(x_s),f_s(x_s)), the corrected frame is Y_r=(V^+,V^-_corr,G_t^+,G_t^-,G_s^+,G_s^-) with symmetric sums, first derivative differences divided by r, and V^-_corr=[f(x_s)-f(x_m)-r(f_t(x_s)+f_t(x_m))/2]/r^3.",Degenerating maximum–saddle pair conditioning,The uncorrected value difference is not a convergent off-surface coordinate; row permutations may alter determinant sign but not |det T_r|=r^-5.,six-pin frame; corrected divided difference; Hermite correction,[[DEF:CORRECTED_SIX_PIN_PAIR_FRAME]],pair_frame; divided_difference; density_jacobian; finite_r,File 4 equations (3.1)–(3.4); GP-DER-061-v1.0,Defines the exact finite-r coordinate object only,ACTIVE,2026-07-21,https://docs.google.com/document/d/1LFs1OlJwHvPTjby9Vjfua3X9L3iQNey_gRu0crd0og8/edit
DEF-027,Pair-frame closure scope,"The EC-014 terminal scope consists only of the declared T_r ordering, det T_r=-r^-5 or |det T_r|=r^-5 with sign convention, p_X=r^-5p_Y, the planted denominator-power witness, and (r^3/6)r^-5r^2=1/6.",EC-014,"Uniform covariance convergence, positivity or convergence of z_r, adjacency, positive contact limits, lifetime-density coefficients, P0.2, and Theorem B are excluded.",EC-014 scope; contact-power identity; closure boundary,[[DEF:PAIR_FRAME_CLOSURE_SCOPE]],closure_scope; exclusions; no_promotion,GP-REQ-057-v1.0; GP-DER-061-v1.0,Closure eligibility only after two-line review and human approval,ACTIVE,2026-07-21,https://docs.google.com/document/d/1V-2e8oeYrf2Amgm2wzkSMAlpXDTQWgxEC5tHSTFKVLs/edit
DEF-028,Source-publication-ready artifact,"A Drive object from which a reviewer can obtain the complete declared raw source bytes by a stated deterministic procedure and verify byte count, cryptographic hash, revision state, and runtime source identity.",Executable source qualification,"An empty Docs file, trailing fragment, prose description, hash declaration, author receipt, or inaccessible local path is not source-publication-ready.",published source; reconstructable capsule; raw file,[[DEF:SOURCE_PUBLICATION_READY]],source_publication; exact_bytes; reconstruction; revision,GP-AUD-063-v1.0,Hard technical prerequisite only,ACTIVE,2026-07-21,https://docs.google.com/document/d/1tvskI0aup4X8Qt2v_v_C7M0C8L1W1ssYJiSbHRR4Uhg/edit
DEF-029,Conditional operator approval,"A human approval whose effectiveness is expressly contingent on a named later review, vote, test, or approval. The item remains open until the named condition is satisfied by explicit evidence.",Human-approval and closure workflow,"The condition cannot be inferred from silence, an older review aimed at different wording, or the human decision itself.",conditional approval; contingent human gate; with CL approval,[[DEF:CONDITIONAL_OPERATOR_APPROVAL]],human_gate; closure; explicit_condition; review,HA-006; GP-REQ-065-v1.0,Authorizes closure only after exact named condition passes,ACTIVE,2026-07-21,https://docs.google.com/document/d/1bH8yym83fqynkKYJOdXPPzf9Xc7NpMsR2h53i9FUOkk/edit
DEF-030,P0.2 selected unstable branch,"For the ordered typed pair (M maximum, S index-one saddle), choose the unit unstable eigenvector e_u at S by e_u·(M-S)>0. The selected global branch is the unstable-manifold continuation tangent to e_u, and A_r occurs when its forward omega-limit is M.",Exact finite-r P0.2 branch-specific gradient adjacency event,"Does not condition the typed pair-Palm law; does not select the opposite branch; undefined on degeneracy, nonunique unstable eigenspace, or zero projection; certificate failure is not A_r complement.",M-ward branch; decreasing-X branch; selected unstable direction; governing branch convention,[[DEF:P02_SELECTED_BRANCH]],P0.2; A_r; branch_mark; pair-Palm; gradient_flow,GP-PROT-065-v1.0; CL-RSP-053-v1.0,Definition independently reviewed by CL with verdict AGREES; no theorem or configured-process bridge promotion,ACTIVE-REVIEWED,2026-07-22,https://docs.google.com/document/d/1C5CUvDYScSGk35yG-KThF5vLHQtt2itMC8Ks1oN155w/edit
DEF-032,Effective certificate domain,"For GP-DER-047, the deterministic certificate applies only on REG_r={rR(U)^5≤epsilon_0}, with epsilon_0=1/(1024K), K=4096, and R(U)≥1. Hence REG_r is empty for r>epsilon_0 and typically requires r around 10^-13–10^-14 for R≈20–25.",P0.2 deterministic capture certificate,"Internal validity on REG_r does not imply accessible-rung population, numerical testability at r≥0.00625, or practical-rung theorem coverage.",REG domain; vacuity; ultra-small-r; effective regime,[[DEF:EFFECTIVE_CERTIFICATE_DOMAIN]],regime; asymptotic; vacuity; promotion_scope,CL-AUD-048; CL-AUD-049; GP-AUD-074; GP-RSP-077,Binding promotion-scope definition; no theorem promotion,ACTIVE,2026-07-21,https://docs.google.com/document/d/1tqT10nPtE61UfzypzthTazEOz53CYvJwG9Gl_yWAFQY/edit
DEF-031,Event-qualified strip constant,"A reported strip-complement constant is meaningful only together with its exact threshold event, including whether mu is fixed or optimized. Fixed-mu=1 B_1 and optimized-mu B_* are distinct objects with B_*⊆B_1.",P0.2 accessible-rung strip diagnostics,"Constants from fixed and optimized events must not be averaged, compared as identical estimands, or merged without an explicit event map.",fixed mu; optimized mu; event mismatch; strip complement,[[DEF:EVENT_QUALIFIED_STRIP_CONSTANT]],estimand; threshold; normalization; event_identity,CL-AUD-048; GP-AUD-042; GP-AUD-074; GP-RSP-077,Prevents constant conflation; no numerical promotion,ACTIVE,2026-07-21,https://docs.google.com/document/d/1zxbHyijRMo2lgndq-NTORjSXjo6CtyLPkvrIg8qnp3c/edit
DEF-033,Failure-complete trajectory classification,"A trajectory computation is failure-complete only when every attempt receives exactly one explicit terminal state—capture event, escape event, finite unresolved, solver failure, numerical invalid, non-flow saddle, or degenerate branch—with no silent fallthrough and with enough fixture metadata to replay the classification.",Numerical trajectory probabilities and V3 replay,"Fixed-horizon non-event states, NaN/Inf output, solver failure, and ambiguous multi-solver outcomes cannot be pooled as dynamical noncapture.",failure-complete; terminal outcome schema; fail-closed trajectory classification,[[DEF:FAILURE_COMPLETE_TRAJECTORY_CLASSIFICATION]],V3; solver_status; events; fixture_receipt; noncapture,GP-AUD-087-v1.0; GP-REQ-086-v1.1,Binding qualification rule for V3 numerical evidence; no theorem authority,ACTIVE,2026-07-21,https://docs.google.com/document/d/1sD_u6M6u2H2wAmoOOb_Ti3opm4loRVz6mwwOItOCRII/edit
DEF-034,Numerical-invalid trajectory,"Any trajectory attempt containing NaN or infinity in a state, derivative, dense output, event value, or terminal diagnostic. It receives the explicit NUMERICAL_INVALID state and zero evidentiary weight for capture, escape, stall, or noncapture.",ODE and branch-integration receipts,A solver returning nominal completion does not override non-finite state detection; NaN comparisons must never determine a scientific class.,NaN trajectory; Inf state; invalid integration; numerical failure,[[DEF:NUMERICAL_INVALID_TRAJECTORY]],V3; NaN; finite_check; fail_closed,GP-AUD-087-v1.0,Mandatory rejection class only,ACTIVE,2026-07-21,https://docs.google.com/document/d/1YeY8CIgdiH35L_cY_KwM4AhflTSTEd7h4_T3NgdLxi0/edit
DEF-035,Finite unresolved trajectory,"A finite solver output that reaches the declared horizon without capture or escape event and without solver failure. It remains FINITE_UNRESOLVED until a longer-horizon, invariant-set, asymptotic, or multi-solver argument resolves it.",Finite-horizon trajectory classification,It is neither capture nor genuine noncapture by default and must not be called STALL without an operational stall definition and stability evidence.,horizon censored; unresolved orbit; finite stall candidate,[[DEF:FINITE_UNRESOLVED_TRAJECTORY]],V3; horizon; censoring; ambiguous_outcome,GP-REQ-086-v1.1,Preserves uncertainty; no scientific outcome authority,ACTIVE,2026-07-21,https://docs.google.com/document/d/1sD_u6M6u2H2wAmoOOb_Ti3opm4loRVz6mwwOItOCRII/edit
DEF-036,Configuration-identical replay,"A replay of a prior numerical population uses the exact original fixture records—same stored U and q values, r, branch data, weights, solver configuration and source hashes. Reusing a seed after changing random-vector dimension, draw order, RNG implementation or source is a fresh sample, not a replay.",Numerical evidence lineage and V3 adverse-fixture replay,"Distributional similarity, same seed, same sample count, or same marginal law cannot substitute for fixture identity when a claim concerns the disposition of previously reported configurations.",exact fixture replay; population identity; same-seed fresh draw,[[DEF:CONFIGURATION_IDENTICAL_REPLAY]],V3; fixture_id; RNG; source_hash; evidence_lineage,GP-AUD-088-v1.0; GP-REQ-086-v1.2,Binding evidence-lineage rule; no mathematical authority,ACTIVE,2026-07-21,https://docs.google.com/document/d/1eAAAoNfZ0-lQFssFnKRJ8XgtD2gEwrhhpTgXx0ctRCE/edit
DEF-037,Unconditioned typed maximum–saddle pair-Palm law,"For the six-pin constrained Gaussian law Q_r and W_r=|det H_M||det H_S|1{M maximum}1{S index-one saddle}, P_r^MS(df)=W_r(f)Q_r(df)/E_Q[W_r]. It does not condition on adjacency.",P0.2 governing probability law,"Excludes the adjacency indicator, elder-rule event, and any configured-process selection mark unless separately stated.",typed Palm; maximum-saddle Palm; P_MS; unconditioned pair law,[[DEF:UNCONDITIONED_TYPED_PAIR_PALM]],P0.2; W_r; type_indicators; determinant_weight; no_adjacency_condition,P0.2 READ FIRST; GP-AUD-089-v1.0,Defines the governing law only; no theorem or rate authority,ACTIVE-PROPOSED-BRIDGE,2026-07-21,https://docs.google.com/document/d/17B-5KElYtCB3tmK9DwEQYW8jmcpGdQF5WcAOMkk15sQ/edit
DEF-038,Adjacency-conditioned fold-Palm law,"P_r^fold(df)=W_r(f)1{A_r(f)}Q_r(df)/E_Q[W_r1{A_r}], equivalently P_r^MS(df|A_r) when a_r>0. This is the law displayed in File 4 Theorem P2a(ii) and inherited by File 1 fold pairs.",File 1/File 4 fold-pair conditioning and q_adj,It cannot estimate a_r without restoring the omitted unconditioned normalizer; it is not P_r^MS.,fold Palm; adjacent pair Palm; conditioned pair law,[[DEF:ADJACENCY_CONDITIONED_FOLD_PALM]],Theorem_B; q_adj; adjacency_indicator; conditional_law,File 4 P2a(ii); File 1 §0; GP-AUD-089-v1.0,Defines conditional law only; no P0.2 rate authority,ACTIVE-PROPOSED-BRIDGE,2026-07-21,https://docs.google.com/document/d/17B-5KElYtCB3tmK9DwEQYW8jmcpGdQF5WcAOMkk15sQ/edit
DEF-039,Typed-to-fold Palm conditionalization bridge,"With a_r=P_r^MS(A_r), the exact bridge is P_r^fold=P_r^MS(.|A_r) and rho_r^fold=rho_r^MS a_r for matched ordered configuration measures.",P0.2 V4 E1 measure and intensity interface,"Does not prove a_r asymptotics, equality of unconditioned and adjacent contact limits, or any theorem.",Palm bridge; intensity factor; Radon–Nikodym conditionalization,[[DEF:TYPED_TO_FOLD_PALM_BRIDGE]],P_MS; P_fold; a_r; rho_MS; rho_fold,GP-AUD-089-v1.0,Exact definition-level identity; outside manuscript audit pending,ACTIVE-CANDIDATE,2026-07-21,https://docs.google.com/document/d/17B-5KElYtCB3tmK9DwEQYW8jmcpGdQF5WcAOMkk15sQ/edit
DEF-040,Configured selection factorization,"Let E_r={D(M)=S}. Then q_adj=P_r^MS(E_r|A_r), q_typed=P_r^MS(A_r∩E_r)=a_r q_adj, so 1-q_typed=(1-a_r)+a_r(1-q_adj).",P0.2 and Theorem B selection interface,The two complement terms are distinct nonnegative obligations and cannot be merged or inferred from one another.,q typed; q adjacent; selection decomposition; adjacency factor,[[DEF:CONFIGURED_SELECTION_FACTORIZATION]],q_typed; q_adj; a_r; elder_rule; adjacency,P0.2 READ FIRST; GP-AUD-089-v1.0,Exact algebraic identity; no asymptotic conclusion,ACTIVE-CANDIDATE,2026-07-21,https://docs.google.com/document/d/17B-5KElYtCB3tmK9DwEQYW8jmcpGdQF5WcAOMkk15sQ/edit
DEF-041,Optimized-strip witness,A finite μ>0 together with W=F/μ and C_μ such that the exact fixture satisfies s≤−C_μ. A scalar infimum C_* alone is not a geometric witness when its optimizer is unattained.,Practical-r strip geometry,The EC-012 A=B=0 scalar bypass does not define W_*; μ=1 may be used only under a separately named fixed-μ event.,witness mu; attained optimizer; strip width receipt,[[DEF:OPTIMIZED_STRIP_WITNESS]],PRCP; mu; W_mu; C_mu; optimizer_status,GP-AUD-090-v1.0,Binding event-definition requirement; no probability authority,ACTIVE,2026-07-21,https://docs.google.com/document/d/1LZkH5mtFUfZRnB3yZG5YFr-y0BqxhzEz02cpxwSO9nw/edit
DEF-042,Axial cone-entry gate,"Before using |B_S|/(A_S-D_S) as an unstable-slope upper bound, require A_S-D_S>0 with a recorded margin; otherwise compute the exact unstable eigenvector or fail P1 explicitly.",Saddle branch entry in normalized pair chart,Endpoint typing and S_r do not imply A_S>0 or A_S-D_S>0.,axial margin; eigenslope gate; P1 denominator,[[DEF:AXIAL_CONE_ENTRY_GATE]],PRCP; J_S; unstable_eigenvector; cone,GP-AUD-090 exact counterexample,Mandatory failure gate only,ACTIVE,2026-07-21,https://docs.google.com/document/d/1LZkH5mtFUfZRnB3yZG5YFr-y0BqxhzEz02cpxwSO9nw/edit
DEF-043,Field-layer-separated transit and capture,"T_r^(4),H_r^(4) denote degree-four flow events. Exact-field T_r,H_r require a margin-by-margin C^1 perturbation receipt showing the exact field preserves type, branch, cone, strip, transit, and capture inequalities.",PRCP deterministic relation ledger,A degree-four trajectory replay or proof cannot be labeled exact-field transit/capture without the transfer gate.,degree-four event; exact-field event; perturbation transfer,[[DEF:FIELD_LAYER_SEPARATED_TRANSIT_CAPTURE]],PRCP; T4; H4; exact_field; C1_margin,GP-REG-079; GP-AUD-090,Prevents layer promotion; no theorem authority,ACTIVE,2026-07-21,https://docs.google.com/document/d/1LZkH5mtFUfZRnB3yZG5YFr-y0BqxhzEz02cpxwSO9nw/edit
DEF-044,Two-section central transit,The S-side section is X_S=1/2−sigma and the M-side section is X_M=−1/2+sigma. Full transit means arrival at X_M from X_S while remaining in the strip; at X_M only |Y|≤W is guaranteed unless an additional cone invariant is proved.,PRCP T_r event geometry,The S-side cone-exit bound kappa sigma cannot be reused automatically at the M-side exit.,central rectangle; S-side section; M-side section; transit exit,[[DEF:TWO_SECTION_CENTRAL_TRANSIT]],PRCP; sigma; X_S; X_M; W,GP-REG-079; GP-AUD-090,Exact geometric qualification only,ACTIVE,2026-07-21,https://docs.google.com/document/d/1LZkH5mtFUfZRnB3yZG5YFr-y0BqxhzEz02cpxwSO9nw/edit
DEF-045,Margin-specific exact-field transfer budget,"For a fixed degree-four certificate fixture with exact endpoint pin identity R(S)=R(M)=0, a transfer budget is a positive delta_* such that ||F_exact-F_degree4||_{C1(D)}<=delta_* preserves every named endpoint, eigendirection, cone, strip, transit, section, and capture inequality. Passing the budget derivation is distinct from proving exact-field membership.",PRCP degree-four to exact-field transfer,"A degree-four margin receipt, C0-only bound, unverified numerical delta, or general transfer theorem alone does not show the exact field lies within the budget.",C1 transfer threshold; perturbation budget; exact-field membership gate,[[DEF:MARGIN_SPECIFIC_EXACT_FIELD_TRANSFER_BUDGET]],PRCP; exact_field; C1; margins; source_receipt,GP-DER-095-v1.0; GP-DER-045-v1.0; CW-AUD-018-v1.0,Defines a sufficient technical gate only; no probability or theorem authority,ACTIVE-COMPONENT,2026-07-21,https://docs.google.com/document/d/1odklttrcbTsou9nDSZ162xX07Kh70yVHUhRdhbiye5w/edit
DEF-046,Prefilled unresolved technical receipt,"A machine-readable receipt that populates all currently established object, source, parameter, margin, and budget fields while explicitly preserving unavailable decisive evidence as null/unresolved and returning a non-pass terminal state.",Fail-closed technical workflows and handoff between model lines,"A prefill is not a scientific result, independent review, completed execution, or permission to replace missing values by zero, defaults, or inherited claims.",unresolved template; populated skeleton; fail-closed example; handoff receipt,[[DEF:PREFILLED_UNRESOLVED_TECHNICAL_RECEIPT]],schema; null_fields; failure_class; exact_source; outside_review,GP-DATA-098-v1.0; GP-AUD-099-v1.0; GP-SCHEMA-095-v1.0,Workflow and architecture effect only; no mathematical authority,ACTIVE,2026-07-21,https://docs.google.com/document/d/1UyykYTzyWLdo9GYAB2r5HAvBr5yQ3M8CiE9OGlSzEPk/edit
DEF-047,Explicit pin-correcting chart constant,"A deterministic conservative constant C_D obtained by combining the ordinary degree-four Taylor remainder with a constructive two-point cubic Hermite correction restoring value and both gradient components at the pins, using declared full-chart derivative suprema and vector/Jacobian norm conversions.",GP-DER-045 exact-field transfer on a fixed normalized chart,"The constant is not an H5 bound, exact-field membership result, optimal constant, probability estimate, or substitute for source-bound remainder evidence.",Hermite operator norm; interpolation constant; C_D; pin correction,[[DEF:EXPLICIT_PIN_CORRECTING_CHART_CONSTANT]],exact_field; Taylor; Hermite; C1; full_chart; conservative,GP-DER-100-v1.0; GP-DATA-101-v1.0; CW-AUD-018-v1.0,Deterministic transfer-input effect only,ACTIVE-COMPONENT,2026-07-21,https://docs.google.com/document/d/1hKLX5Rp_fj0rA0UMTG58kFGteKnxxbBkyGvLOOTHtV8/edit
DEF-048,Finite-grid corridor evidence,"Evidence that a declared finite collection of points, vertices, or fixtures satisfies a capture classifier. Its scope is exactly the tested set and declared instrument.",Numerical capture-corridor diagnostics,"Does not imply every point of a continuum box, positive capture mass, exact-field capture, r-interval uniformity, or a theorem.",vertex replay; sampled corridor; finite test grid,[[DEF:FINITE_GRID_CORRIDOR_EVIDENCE]],P0.1; grid; capture; continuum; evidence_scope,GP-AUD-103-v1.0; GP-DATA-104-v1.0,Binding scope guard only,ACTIVE,2026-07-22,https://docs.google.com/document/d/1N4CjKgv1AfeKq1l9rqKsO0G9l1UeZhjr1-4PUBTglC4/edit
DEF-049,Certified capture mass,"The determinant-weighted probability mass of a region for which capture has been proved on every point under the identical governing law, branch convention, field layer, and r regime.",P0.1/P0.2 probability lower bounds,"Coordinate-box membership mass, typed mass, finite-grid capture frequency, or Monte Carlo success rate is not certified capture mass without a proved inclusion.",capture lower bound; certified corridor mass; B subset A_r,[[DEF:CERTIFIED_CAPTURE_MASS]],P0.1; Palm_weight; inclusion; exact_field; probability,GP-AUD-103-v1.0; GP-REQ-105-v1.0,Prevents box-mass laundering; no theorem authority,ACTIVE,2026-07-22,https://docs.google.com/document/d/1kNp3vZxyA3kcorgwkdkL50MLwZQ7IiSayMh--aXZIiY/edit
DEF-050,Full-dimensional interval-certified degree-four corridor box,"A positive-width box in every declared finite-jet coordinate for which outward-rounded interval sufficient conditions certify all degree-four typing, branch-entry, cone, strip, transit, section, chart, and capture gates on every point.",P0.1 Route-B finite-dimensional continuum component,"Does not by itself provide a Gaussian/Palm mass lower bound, exact-field transfer, r-interval uniformity, or theorem status.",interval box; full-dimensional corridor; continuum degree-four certificate,[[DEF:FULL_DIMENSIONAL_INTERVAL_D4_CORRIDOR]],P0.1; RouteB; interval; degree4; continuum; capture,GP-DER-106-v1.0; GP-DATA-106-v1.0; GP-AUD-107-v1.0,Deterministic component only,ACTIVE-COMPONENT,2026-07-22,https://docs.google.com/document/d/1ve_dMzQd8QvkPpu55oReGwSRnQRWuNsbLcKWzYStGtI/edit
DEF-049,Interval-certified degree-four corridor box,"A positive-width finite-jet parameter box for which interval sufficient conditions certify every declared degree-four typing, selected-branch cone, strip, transit, section, chart, and capture gate over the entire continuum box.","Fixed field layer, chart, r, box, witness parameters, and implemented gate ledger","Does not imply Gaussian/Palm mass, exact-field capture, exact-torus validity, r-interval uniformity, or a theorem without separate evidence.",Route-B box; interval corridor; continuum degree-four box,[[DEF:INTERVAL_CERTIFIED_DEGREE4_CORRIDOR_BOX]],P0.1; RouteB; interval; degree4; continuum_box; capture,GP-DER-106-v1.0; GP-DATA-106-v1.0; GP-AUD-107-v1.0,Defines the component and its exclusions only; outside review and terminal authority absent,ACTIVE-CANDIDATE,2026-07-22,https://docs.google.com/document/d/1ve_dMzQd8QvkPpu55oReGwSRnQRWuNsbLcKWzYStGtI/edit
DEF-052,Certified positive fixed-r finite-Q4 Palm mass,"For one declared fixed r and the typed finite-Q4 Palm law P_{r,Q4}^{MS}, a full-dimensional box has certified positive mass when the exact nine-jet Gaussian covariance is nondegenerate, the box has positive volume, the quartic endpoint determinant/type weight is uniformly positive on it, and the finite-Q4 normalizer is finite and positive.",Fixed-r finite-dimensional degree-four probability consequence,"Does not provide exact full-field Palm mass, exact endpoint Hessian typing, exact-field capture, a numerical lower bound unless separately certified, r-uniform positivity, P0.1, or theorem status.",qualitative finite-Q4 Palm mass; positive box mass; fixed-r degree-four corridor mass,[[DEF:CERTIFIED_POSITIVE_FIXED_R_FINITE_Q4_PALM_MASS]],P0.1; RouteB; finite_Q4; Palm; fixed_r; degree4; positive_mass,GP-DER-043-v1.0; GP-DER-108-v1.0; GP-AUD-109-v1.0; GP-AUD-112-v1.0,Exact finite-dimensional component only; outside review required for closure,ACTIVE-CANDIDATE-CORRECTED,2026-07-22,https://docs.google.com/document/d/16LrYGWGhU-DsW5vIV5u8BaZ19gCv_KDagpg1qBAkYyI/edit
DEF-051,Fixed-r interval finite-Q4 Palm mass lower bound,"A source-bound lower bound for one declared fixed-r finite-Q4 Palm event obtained by combining a rigorous exact nine-jet Gaussian box-probability lower bound, a uniform quartic determinant/type weight lower bound, and an explicit finite-Q4 Palm normalizer upper bound under the identical coordinate measure.","Fixed-r finite-jet probability component under P_{r,Q4}^{MS}","Does not imply an optimized probability, exact full-field Palm mass, exact-field capture, an r-interval lower bound, uniform c_A, or theorem promotion.",certified finite-Q4 Palm lower bound; rectangle density bound; finite-Q4 normalizer upper bound,[[DEF:FIXED_R_INTERVAL_FINITE_Q4_PALM_MASS_LOWER_BOUND]],P0.1; fixed_r; finite_Q4; exact_nine_jet; Palm; density; weight; normalizer,GP-DER-110-v1.0; GP-DATA-110-v1.0; GP-AUD-111-v1.0; GP-AUD-112-v1.0,Deterministic numerical finite-dimensional component only,ACTIVE-COMPONENT-CORRECTED,2026-07-22,https://docs.google.com/document/d/1aQDmNdn8UZf8i44o5yNcfLOyJ-wEC4inuiVLfCoVnrs/edit
DEF-053,Typed finite-Q4 Palm law,"For fixed r, gamma_r is the exact normalized-periodized Gaussian law of the nine midpoint jets. The finite-Q4 weight W_{r,Q4} is computed from the normalized quartic endpoint Hessians and quartic type indicators, with Z_{r,Q4}=E_gamma[W_{r,Q4}] and dP_{r,Q4}^{MS}=W_{r,Q4} dgamma_r/Z_{r,Q4}.",Finite-dimensional local degree-four probability model,"It is distinct from the exact full-field Palm law, whose endpoint Hessians and type indicators depend on residual field information beyond the nine midpoint jets.",finite-Q4 Palm; quartic Palm; local-model typed Palm,[[DEF:TYPED_FINITE_Q4_PALM_LAW]],P0.1; finite_Q4; nine_jet; quartic_Hessian; Palm; field_layer,GP-DER-043-v1.0; GP-AUD-112-v1.0,Binding object-identity distinction only; no exact-field or theorem authority,ACTIVE,2026-07-22,https://docs.google.com/document/d/1IXo4GyjrI16Z0sI2f9i_KQDNvKZp0PhCeSlLUmbY9RE/edit
DEF-054,Constraint-compatible conditional Gaussian capture-support event,"For a positive-measure finite-constraint set B', an event E consists of fields whose constraint vector lies in B' and whose exact scaled local potential lies in a common robust C2 neighborhood of a continuously chosen constraint-matching target in the C4 support of the corresponding conditional Gaussian law.",Fixed-r exact-field positive-mass proofs,"Does not provide a uniform small-ball probability, numerical mass, r-uniformity, or permit finite-Q4 weights to replace exact endpoint weights.",conditional support event; affine RKHS capture ball; disintegrated Gaussian corridor,[[DEF:CONSTRAINT_COMPATIBLE_CONDITIONAL_CAPTURE_SUPPORT]],P0.1; exact_field; C4; RKHS; disintegration; capture; Palm,GP-DER-112-v1.1; GP-AUD-113-v1.0,Analytic fixed-r component definition only,ACTIVE-CANDIDATE,2026-07-22,https://docs.google.com/document/d/1IKgJpRVd0xs095vgrCrxvc_K47QRyjNCrZkaAkXDvBs/edit
DEF-055,Uniform-r fixed-q degree-four corridor box,"A positive-width box in the physical midpoint jet coordinates, with q contained in a fixed negative interval independent of r, for which a proved q/r monotonicity reduction and outward-rounded intervals certify all repaired degree-four typing, selected-branch cone, strip, transit, section, chart, and capture gates for every r in a declared interval 0<r<=r0.",P0.1 deterministic corridor geometry and candidate nonvanishing-mass architecture,"Does not by itself prove finite-Q4 Palm mass, exact full-field mass, exact-field capture, uniform Gaussian support, a numerical c_A, P0.1, or any theorem.",fixed-q corridor; uniform-r interval box; nonshrinking q-box; strong transverse contraction,[[DEF:UNIFORM_R_FIXED_Q_DEGREE4_CORRIDOR]],P0.1; q; s=q/r; interval; degree4; capture; uniform_r,GP-DER-114-v1.0; GP-DATA-114-v1.1; GP-AUD-115-v1.0,Deterministic component definition and scope guard only,ACTIVE-COMPONENT,2026-07-22,https://docs.google.com/document/d/1Dsr8bJ5LpCu5R0w3pLWYFY5RM1P0xzT1h4kYZAih4b4/edit
DEF-056,Uniform positive finite-Q4 Palm corridor mass,"For a fixed physical-q full-dimensional box B and the typed finite-Q4 Palm law P_{r,Q4}^{MS}, uniform positive mass means there exist r_1>0 and c>0 such that P_{r,Q4}^{MS}(B)>=c for every 0<r<=r_1, proved from a uniform Gaussian density lower bound, a weight lower bound W_{r,Q4}>=r^2 w_0, and a normalizer upper bound Z_{r,Q4}<=r^2 C_Z under the identical coordinate measure.",Finite-dimensional small-r probability layer of P0.1 architecture,"Does not imply exact full-field Palm mass, exact endpoint typing, exact-field adjacency, a numerical exact-field c_A, P0.1, or P0.2.",uniform finite-Q4 corridor mass; fixed-q Palm lower bound; r2 cancellation,[[DEF:UNIFORM_POSITIVE_FINITE_Q4_PALM_CORRIDOR_MASS]],P0.1; finite_Q4; fixed_q; Palm; density; weight; normalizer; uniform_r,GP-DER-116-v1.0; GP-AUD-117-v1.0; GP-DER-043/044; GP-DER-114,Finite-Q4 analytic component and scope guard only,ACTIVE-CANDIDATE,2026-07-22,https://docs.google.com/document/d/1LFhBohVz6gtBSYXPPtApPt1tD2CgsoZMKrneBcAP58E/edit
DEF-057,Exact endpoint-Hessian divided-difference frame,"For the exact six-pin full-field law, define normalized endpoint Hessian coordinates by subtracting the endpoint-gradient secants before division by r: A_M=[f_xx(M)-(f_x(S)-f_x(M))/r]/r and analogously at S and for f_xy using f_y pins; on the pin affine subspace these equal f_xx/r and f_xy/r, while their covariances have removable confluent limits.",Exact full-field Palm determinant weights and normalizer scaling,"Not the midpoint finite-Q4 Hessian frame; does not itself prove branch capture, P0.1, or any numerical coefficient.",pin-adjusted endpoint Hessian; exact divided difference; exact normalizer frame,[[DEF:EXACT_ENDPOINT_HESSIAN_DIVIDED_DIFFERENCE_FRAME]],exact_field; Hessian; pins; divided_difference; Palm; normalizer,GP-DER-118-v1.0; GP-DER-044-reg,Exact-field analytic component candidate; outside review required,ACTIVE-CANDIDATE,2026-07-22,https://docs.google.com/document/d/1xvBOg4WeaHbEXk4uJqGQ-yvhkL1BG4XJ-XSvXZZxS-Y/edit
DEF-058,Uniform exact fixed-q capture event,"For each sufficiently small r, E_r is the exact six-pin full-field event that the exact midpoint jet lies in P01-UNIFORMQ-D4-BOX-001 and the physical fifth-derivative supremum on the shrinking certificate chart satisfies H_{5,r}<=r^{-1}. On E_r, if the GP-DER-045 transfer threshold is met, the exact selected branch is captured by M and exact endpoint weights are bounded below by c r^2.",P0.1 exact full-field numerator lower-bound event,Does not assume independence of jets and H5; does not use finite-Q4 Palm weights; no numerical c_A.,uniform exact capture event; fixed-q plus GT5; E_r,[[DEF:UNIFORM_EXACT_FIXED_Q_CAPTURE_EVENT]],P0.1; exact_field; fixed_q; H5; capture; adjacency; exact_weight,GP-DER-119-v1.0; GP-DER-114; GP-DER-045/046,Candidate theorem event; no canonical authority before review/promotion,ACTIVE-CANDIDATE,2026-07-22,https://docs.google.com/document/d/1Ey625P0qxjCnmbakpDURN3nB_ZN3j4tSji3eyvNZMns/edit
DEF-059,Session context freshness,"A finite-context model session is fresh for an active task only when it can identify and access the current exact revision or frozen review object, disclose its evidence lineage, and adjudicate the decisive checklist. A stale session may be retired and replaced without removing the voting line or altering prior exact votes.","Governance routing, technical reviews, and active attention queues","Context expiry is not a vote, does not cancel a valid exact-revision vote, does not create independent evidence, and does not permit one line to count twice.",stale context; expired session; fresh instance; session retirement; line continuity,[[DEF:SESSION_CONTEXT_FRESHNESS]],governance; context_window; task_handoff; independence; active_queue,OP-GDN-003; OP-PROT-003; OP-PROT-004,Operational routing only; no ballot or mathematical authority,ACTIVE,2026-07-22,
DEF-P01P02-AR,Exact selected-branch adjacency event A_r,"On the exact six-pin C3 field space, require strict maximum/saddle type and nonzero projection of M_r-S_r onto the unstable eigenspace, orient that eigenspace by the projector rule toward M_r, select the positive unstable branch measurably, and set A_r to the Borel event that this branch converges to M_r; set A_r=false outside the strict domain.",P0.1 and P0.2 exact typed-Palm adjacency,Does not mean certificate success; certificate failure is not A_r^c; does not condition the base Palm law; opposite unstable branch excluded.,A_r; exact adjacency; selected branch; M-ward branch; Borel event; branch mark,[[DEF:A_r-EXACT-SELECTED-BRANCH]],exact_field; dynamics; measurability; Palm; adjacency,GP-DER-197-v1.0 / GP-PROT-065,Definition and measurability interface only; no capture or probability conclusion,ACTIVE CANDIDATE DEFINITION / EXTERNAL REVIEW OPEN,2026-07-24,https://docs.google.com/document/d/1hGQVFDZKHMcdG94_OIgVEwipTR6pvKCk_-llHyIq3uQ/edit
