filename	scope	bytes	whole-file-sha256	status
 DQ-045.pdf	upload	221082	3077442b3d953b943b06bf7131fc48c2509b1b840bf3d9c051afccf7a78adcec	input
# THE GATE FRAMEWORK — MASTER….pdf	upload	77525	d933bcf41afab2cb6c0cf041d90b57fbb7b1890f63e3b9f09b85b63c121f747a	input
00 INVENTORY AND TRACE.md	upload	37800	3b65dc59bd626c275ef609bbaf6eb3f3fd26155706d487832b659e3a0e85c470	input
00_MASTER_INDEX_20_COLD_REVIEW_PACKETS.docx	upload	40447	0158ca2b05b529cf68a33c06b44886ee94f1f4c9ae5b9c75960656118ad92b51	input
00_READ_ME_FIRST(1).pdf	upload	208953	e29f0f0cfff415ff8c5f88d122d112c2fcf7d7351332026ef03bbac4cb3d3025	input
00_READ_ME_FIRST.md	upload	8160	0fe405b99ad56d4612b8bd8ec7cc51f7efc07ddc1b906ceae984a2883945f701	input
00_READ_ME_FIRST.pdf	upload	208953	e29f0f0cfff415ff8c5f88d122d112c2fcf7d7351332026ef03bbac4cb3d3025	input
01 PART I SETTING AND THEOREM.md	upload	17697	efc45f93da0dfe4e84e883bf20d61ce41f9acc7b9056fbfc83f12711fc6ffe70	input
01_CORE_PAIRING_THEOREM.md	upload	25861	ba7faf2cfbfa4525fbb92807306d0bd3067efbff45815af910214cc3444ac297	input
01_COVER_LETTER(1).txt	upload	2855	e6ad9516301fa1bb6f9bd5d09f119b9e257aff0ad706e75f87e0b4dc4f08797e	input
01_COVER_LETTER.txt	upload	2855	e6ad9516301fa1bb6f9bd5d09f119b9e257aff0ad706e75f87e0b4dc4f08797e	input
01_EC-005_Canonical_A2_Fold-Gap_Identity.docx	upload	45941	c53c3b6e2eabbef4b5b2edad6db0f6c7523285c0951bbfbfcd43448540034c3d	input
02_EC-006_Planar_Truncated-Normal_Second-Moment_Identity.docx	upload	46734	8900b21da2ec7651b1ada1fb1e51b91ecf0fde0b816097ef6aba22ea23fd1c97	input
02_GAUSSIAN_TRANSVERSALITY — WORKING-SOURCE — 19242B — SHA4a77f3b7 — ID19G4QeIu.md	upload	19242	4a77f3b7ed390c0ebff3c580baa4d8a107bf3cf2b892c5927e5ffe005ad1c1fe	input
02_GAUSSIAN_TRANSVERSALITY.md	upload	19242	4a77f3b7ed390c0ebff3c580baa4d8a107bf3cf2b892c5927e5ffe005ad1c1fe	input
02_PRE_REVIEW_DOSSIER(1).pdf	upload	374433	c3ac18eec81263b8e17c3d823d93cf0794a12f28dae919862f56b96001d5c7d8	input
02_PRE_REVIEW_DOSSIER.pdf	upload	374433	c3ac18eec81263b8e17c3d823d93cf0794a12f28dae919862f56b96001d5c7d8	input
02a PART II LOWER SIDE A.md	upload	23694	6b23bd449b0fef9f842d7621a0e6f524959a08a9207e889f0823883846164a95	input
02b PART II LOWER SIDE B.md	upload	19910	b1c70570ca5f434ec4f41742901fdcd3c37088b16a2239663c830e050d1ea827	input
03 PART III UPPER SIDE AND FORMALITIES.md	upload	10325	9c05d661401d853018b587ac71e04950259b96a2eeb58fc0f996c38ab76b208e	input
03_EC-007_Planar_Coalesced_Six-Pin_Conditional_Jet_Law.docx	upload	47114	ecfd3f864b3a8e87a72ea4d0f3493e56a134542487ffe281dccc6c325d17470e	input
03_NEAR_DIAGONAL_LIFETIME_LAW.md	upload	15874	50dd5b9d4a90b243395316ca05249ecfbe10b64bd6aa5085a4cd4438f76f5bd6	input
03_SIDE24_MANUSCRIPT(1).pdf	upload	244324	0732973c3f397357ec70a46001141d21acc713042e9231eabda5b4d56c84f2f0	input
03_SIDE24_MANUSCRIPT.pdf	upload	244324	0732973c3f397357ec70a46001141d21acc713042e9231eabda5b4d56c84f2f0	input
04 PART IV SARD G.md	upload	21750	ec17dabbfacc4e02851ca1da04a1281c9b1eb28b67b66aa3b2979863a97a9b2b	input
04_EC-008_Planar_Collision-Gram_Covariance_Determinant.docx	upload	46916	0e0dac642cd22f3f8f093eb09a788f430562d82db402b1097290c4846253b967	input
04_TECHNICAL_APPENDIX(1).pdf	upload	411660	1c7a5ea3d695b0a003f2b697570e6fb69bc5ebbbdc1ab2d929b2407449fd7938	input
04_TECHNICAL_APPENDIX.pdf	upload	411660	1c7a5ea3d695b0a003f2b697570e6fb69bc5ebbbdc1ab2d929b2407449fd7938	input
04_THERMODYNAMIC_AND_PERCOLATION_EXTENSION.md	upload	14032	44e030d37b9619df20949a7153b1edd66f39eda00ec71672f6823d6bca31ba26	input
05 PART V PRIOR ART AND CONDITIONS.md	upload	27462	555d4ebbd45e745b4fd76218640923de40da852128929fefdd0419cd617b65f0	input
05_EC-010_Declared_Convex-Combination_Polynomial_Identities.docx	upload	46090	5f5ab789728adb5e61544092295f46b2f53c772c0668a55c1de0a4d70287cb7d	input
05_RELIABILITY_AND_EVIDENCE.md	upload	13506	994cfa25580ed1e4cd2e43e3aaf16f470fd637584e93e31f3846babc737b69bb	input
05_REPRODUCTION_GUIDE(1).pdf	upload	191732	d37d8796d67484faa1abe1d08436a8d46ffa17757869c964072535a671b629f3	input
05_REPRODUCTION_GUIDE.pdf	upload	191732	d37d8796d67484faa1abe1d08436a8d46ffa17757869c964072535a671b629f3	input
05_V3_CORRECTIVE_ADDENDUM(1).pdf	upload	150344	1090fdca8e4b90927bc8c65054bf29d661e79daf2bad1e80360cb5439e4d06f2	input
05_V3_CORRECTIVE_ADDENDUM.pdf	upload	150344	1090fdca8e4b90927bc8c65054bf29d661e79daf2bad1e80360cb5439e4d06f2	input
06 PART V LEDGERS.md	upload	13733	18874436caefc7eec0b518fa5e9b05688f0104b4d0473c57a3fafe3947fd5bf6	input
06_EC-011_Adjoint-Orbit_Conservation_and_Section_Normalization.docx	upload	46938	e5c5afeb545d3ceb46c3f32be0f2cf09e137e518d0bee49a610a8996b28ba018	input
06_REVIEW_RESPONSE_FORM.md	upload	7949	cd8d2965c4329a894a5264918b238bc2793abaa1e10f89f488d3f03793d3fe12	input
07 PART V REPRODUCTION AND ARCHIVE.md	upload	33515	4392b07611dd8783cd33b8f4efc2cc6139f50b039c8f1b16bd310ca2f30e5705	input
07_EC-012_Closed_Strip-Threshold_Majorant.docx	upload	46799	33f5ae0dcd6c742e8d4b37eddd9e6063e421425b5b411d0a88351c4eacd7282d	input
07_REVIEW_RESPONSE_FORM(1).docx	upload	16417	93efd6dad1d2f4ca8be53bfc4723eeacb87bb04607be156d64858f489abed99b	input
07_REVIEW_RESPONSE_FORM.docx	upload	16417	93efd6dad1d2f4ca8be53bfc4723eeacb87bb04607be156d64858f489abed99b	input
08 COMPLETENESS REPORT.md	upload	10107	b46c49e61be7927921d91732467a754dd38ac50b98b8b3bbb61c9f1af7d63d3b	input
08_EC-013_Conditional_Elder-Rule_Defect_Dichotomy.docx	upload	45000	cfc112683e45890e5048a98916a8773da07a2db12c672a6ca7125fba02eb803e	input
09_EC-014_Corrected_Six-Pin_Pair-Frame_Jacobian_and_Contact_Power.docx	upload	48832	6bd3f19b60474294f78ae4aefc63314f1fae6f639cf737d031cb745e91bb078e	input
09_PACKAGE_MANIFEST(1).csv	upload	12393	88e0f8d85e8fd8b427c764b9e6eea1708fc2915a6e0b8dd392a5da20672d1c1e	input
09_PACKAGE_MANIFEST.csv	upload	12393	88e0f8d85e8fd8b427c764b9e6eea1708fc2915a6e0b8dd392a5da20672d1c1e	input
10_EC-015_Repaired_Witness-Parameterized_Degree-Four_PRCP_Event.docx	upload	46948	230f2891663edad58b71802427eb7693bbd48382dc7c10bd3d617f66ec761daa	input
11_COMPLETE_PRE_REVIEW_PACKET(1).pdf	upload	886214	05941355208ce76b15556d10f37319c0e9781ba98dfb738379602ac4259531da	input
11_COMPLETE_PRE_REVIEW_PACKET.pdf	upload	886214	05941355208ce76b15556d10f37319c0e9781ba98dfb738379602ac4259531da	input
11_EC-016_Retirement_of_Imported_a_r_and_Continuum_Jet-Box_Certification_Claims.docx	upload	48119	f736602d0c3ac60305f83771e7476da781ff3ff628cea0ede347a260865542f2	input
12_EC-017_Positive_Fixed-r_Typed_Finite-Q4_Palm_Mass.docx	upload	47892	09706563553166112889f474f8920ecc3642987675de607c5e1ff948c376d0a4	input
13_EC-018_Full-Dimensional_Interval-Certified_Degree-Four_Route-B_Box.docx	upload	48875	e81872e0aa150d117d3a07ff82ac660e5f932693bdd3c3f9be227045e2b90c6d	input
14_EC-020_Uniform-r_Fixed-q_Full-Dimensional_Degree-Four_Corridor.docx	upload	46636	31ce5945828bfe3495a90e11d0483191d0f1b5d6cebf316215ff479b9dce377e	input
15_EC-021_Uniform_Positive_Typed_Finite-Q4_Palm_Mass_of_the_Fixed-q_Corridor.docx	upload	47451	d1a408dad50730ac9d665208f44048e11104959350ddadca7dad4c576e57ef52	input
16_P02-LM-001_Conditional_Degree-Four_Deterministic_Capture_Majorant.docx	upload	51829	1fd79fe6e60a7831ab61d6d3e38c47856a60de34cdc72f364ef0760700e0cced	input
17_P02-LM-002_Exact_Determinant-Weight_r_4_Second-Moment_Interface.docx	upload	48587	aa5a92549df670a7eb6652e0e78e9c0c0ffeeda6fd6dbd4fcff6db4fc2b11002	input
18_P02-LM-005_Uniform_Exact_Nine-Jet_Gaussian_Density_and_Moment_Interface.docx	upload	50547	c0faa75e74a0738e8280befd662f88f1fd3a3389865555eb216ea70bd514cf92	input
19_P02-LM-007_Uniform_Conditioned_Fifth-Derivative_Supremum_Tail.docx	upload	49959	51f760d45e2702ef92e8822141baec5de6e1b0c4f3906637b1f0d9bd383a534d	input
20_P02-LM-008_Exact_Determinant-Weighted_Palm-Tail_Transfer.docx	upload	49365	98c5f2f2d92210df6192424d60f6957b31600a77ec81dad328846c6df16cfc0a	input
A046990F-AFD8-4BE0-A661-30B0B4A10D26.jpg	upload	202988	ebb547eb3462e4c6ce38795e417461d50d4f12f83b7facb10847f7c08e92674d	input
AConstants Table Canonical 07-09-26.md	upload	5695	97f2ea89fc9943a60f52ab1f9a14af69f19345f5964f3560ec43f77400a8305b	input
AI edit 0004 — DERIVATIVE-REVIEW — 25829B — SHAcce9ce07 — BODY-DIFFERS — ID1znQn1YW.md	upload	25829	cce9ce0796f23cb42130dd927fd71776a714d40012b60b32f103291f63576284	input
AI edit 0005 — DERIVATIVE-REVIEW — 22363B — SHAa6a78265 — BODY-DIFFERS — ID1FfpYOjr.md	upload	22363	a6a78265a963bb57b78d7f4f3b4f522293554529853bbf873c83f32589f7fe36	input
AO48-WO-063 - LB-RATE HARDENING CAMPAIGN work order for KIMI - WP resolution + AUD-023 v1.1 + gamma-LOC ii-c + rigorous far-grid-ridge + THM-023 v1.1 all-small-r + transport settlements - agents authorized - 2026-08-04.md	upload	8213	e699bf44b7b84fca88faa2b509c1686ea9f8e500aee0dbe618c859b5ec5ad2e2	input
As Corridor Mechanism KILL.md	upload	5812	78c05824875bb9e18410a6e281491846495123e5132624eb0d30ff48b863dfd0	input
B2 Positivity Compositionv2 07-09-26.md	upload	5183	653036a238e675876da931ed953def29716364521d104488e4cbffdf260f24c3	input
C007C ObjAudit snapshot.json	upload	3498	a2d2755a432d0e96175a9b455fcb7ef0dff6dc55010f36303fad987b82e3c6eb	input
C008 O2 Annulus snapshot.json	upload	3387	48159f9d6d23211f41376c5387d20889501194d1a0446e488ebdd46ce16ba9d3	input
C008 Observed Update.json	upload	4753	6673e51f077684250dd2d151540d22c095820ebefcae581a2215140e97332ee4	input
C009 LemmaI snapshot.json	upload	3180	2e3631408770310329c37ca4983ee11b46e058e45452c2c8ad1c24588c9c9dc3	input
C009 Observed Update.json	upload	1942	866747a9ada56859c7fb44a360a56546522bd5b3faa9f531f6662cfc9e9f22ac	input
C010 LowerBound snapshot.json	upload	3018	8abd13ec7a4da807df924ef73514c3963cff037965ab78bc13918357fbf4a5c4	input
C010 Observed Update.json	upload	2809	acaa88b0ccb46c7ee483f1abd3efaa4c34e55c1458ebc5886678c4ac12f6d62a	input
C011 Observed Update.json	upload	2809	ce79a93332df952c48fa0541399c7289d04d18ef8c150a18145f5528649c020e	input
C011 Registry snapshot.json	upload	3180	a7b84d5a78326204b7e17a6ae6b7970e4e93d90560dcc370c66c36586e2f4f91	input
C012 LemmaP snapshot.json	upload	2973	3473ca558f139e4a3c8f3b2bd28046dfd3cc6a2c74e63798ab5509097dc4426c	input
C012 Observed Update.json	upload	2142	ea4878e925d7eb51a147facaea3f92a1c4e2ceac58dcc606f3a5baca3567fc1b	input
C013 Observed Update.json	upload	2244	c0602776db5b369f06ea3a0fd60d9edd805139b601d8886b8f3afbeb7cab0e02	input
C014 Joint snapshot.json	upload	2095	9aa1323355b766bd9e5de7701d82b81701b56a14f9907ae413b3e586ae31be71	input
C014 KILL ThirdPoint Channel.md	upload	4966	efba1d5483b6dcf16e11aeac54a9e7ab074de7bca9653f9007253a4f110e2245	input
C014 Observed Update.json	upload	2947	ee829f2e9cc922cca55b4d645a3e0e303fc3e5469dab581b855c47979f921f9b	input
C014p2 Observed Update.json	upload	3047	f0e44fda42adeb801a412966a6b6150b4e70f639bd8f44869032e5bfabbff921	input
C015 Joint2 Package12.md	upload	9849	e311d6a512e845199a58ea9b444aff22ef6d6313494cf01f6f18f291fb0e5ce0	input
C015 Joint2 snapshot12 07-09-26.json	upload	9223	e082b6f6f492e18e442259d0866bdb987189ec8c444a4c9946538badece97a4f	input
C015 MorseSmale snapshot07-09-26.json	upload	4103	f0e2d7578d0eb0f5cd179188fbd12cfbaa85bb2c5555d3df39df273dc23d7dff	input
C015 Observed Update07-09-26.json	upload	2079	c833cb8f1087c9a3afab06a7dd8532e76b98f206fe69e696e3f3af69dc2fbc5b	input
C015 Observed Update12 07-09-26.json	upload	10441	172453005f13376b417f092770766af49eb6666392026f9c0bce79ede04c1f9c	input
C016 FarDecorrelation snapshot07-09-26.json	upload	2859	0a03b24f546493e3f35c977bdba9a98f97dc2ce39060731cfc45dc0513903964	input
C016 Observed Update07:09:26.json	upload	1945	bd8790d5012e7ff51327da006f7441ee8d5a736880ff518b050fd9be096917e6	input
C017 LowerBound snapshotabc07-09-26.json	upload	3177	944a58b7d9f57621f81de33f460e40294dcf7cddb03e722e7594bff54820c00c	input
C017 Observed Updatea 07-09-26.json	upload	1611	3eed789558a4e614db3acffce057bf67e573b795a0acfd08361b1ca22618317d	input
C018 Observed Updateaq.json	upload	9096	0a2b8765d5c9529662994ac8000bea0bc12039a3552b3076d2bb13c3dc3b1c5a	input
C019 CorridorLocal snapshot.json	upload	6983	fccf253ff35505fa7ffb8f01014c22678b9cf413ebd2027cb7ebd64d8d9fd331	input
C019 CorridorLocal snapshots.json	upload	6983	fccf253ff35505fa7ffb8f01014c22678b9cf413ebd2027cb7ebd64d8d9fd331	input
C019 Observed Updateq.json	upload	14430	f01cba0731adcf58e2f6b7b5727e28bfdaba3c124448c3aa45726b2d95105762	input
C020 Observed Update.json	upload	12429	3a8bed23a841a2263a762adcfb117fc30584fd213a98106f90e2d8f9ee2ec7ee	input
C021 Observed Update.json	upload	8170	74571dcab613fed8e2b04dd96fc86d46b184e61b93bdfa863da2f36c0d117328	input
C021 SecondRung snapshot.json	upload	6525	1acec8c4d3657d8aaed216cdab2f05f365de5da3e0f06b2c018e737fe09d92e1	input
C022 Observed Update.json	upload	9435	9bc0647b885931ba4dc862bedfb879f9bd12c4cd6d39f51c6e98e54c7f75d5cb	input
C023 Observed Update.json	upload	6138	5d3e78274c43a0f972890cc6b1b10f8bda1237c5aa9511bb34aebbfeb223d592	input
C024 Corrections and Freeze.md	upload	5056	0df10fa670a356a2bdd528f70ea5064f6dfd164b52388dff14a5d73df180a139	input
C024 Observed Update.json	upload	2153	b909bee2a309180d636e799afd2955ce6de3f9adca1f373b0e4b722e32a2d9b9	input
C025 Freeze.md	upload	4558	0f8cb3dcb337b5c1a110d8ed983aa49fc9a2f6383b6066d7a625756da3c7460b	input
C025 Observed Update.json	upload	2074	5445ea9f46b5ccef6ef36df5eda6964b015d6b801b851b2efda288e118c3a48d	input
C025 TerminalHeight Package.md	upload	7195	d1afd84b3143ed512b0fb1cafba5c2eb6eb190b28ec7f8e789cc817c08bf792a	input
C026 Foundation Package.md	upload	6083	ab27672bb6008d337321c7d99f95aae2b2efd800576a362d3c0cfb03b29ea0c2	input
C026 Freeze.md	upload	3224	6ac9a33c2bfdd76eda5884847d59a19e16379914ccfd28af6de957d4232da7df	input
C026 Observed Update.json	upload	2336	2ba4ffcd267e0236f49a9002b847a78d63156ceef1a8320b022a639d327744d8	input
C027 Foundation Package.md	upload	5766	c9d1466a6b06c9a5619d21e7896aab51746bdaeb8d34d1aed5bfb498ca73a3b4	input
C027 Freeze.md	upload	3428	f083344320994414fdcb1944d762ad6ddd4fdf9d5ffcf7445688966421eb6dc2	input
C027 Observed Update.json	upload	1981	5e54eefab83d14234f2dcdad3f3863f5b942f2dd1922bbc5bb87423ed5188c9d	input
C028 FarAscent Package.md	upload	4929	64b94b6e5342b3f8d2f3a6a8dfd5e1aa38e769ba319eeee87d657074b568e606	input
C028 Freeze.md	upload	6180	4a343a18f396fcaa76665c5bf6c86f71d8e19628be2527622b0a3e9b6a47ed0f	input
C028 Observed Update.json	upload	1558	923f56c4a25223a753e485b13a2ae37c609e43c98d94480973cec149fecbe333	input
C029 BasinPersistence Package.md	upload	3659	b23c3d42ccc2182e9a59a4ae1b7eda8c73939f543884268a0da3e2cc6880a785	input
C029 Freeze.md	upload	3131	ddd8596f894c525f70b4ff91ed163abca3b831df9c24147a5d3adeb0b4da00ca	input
C029 Observed Update.json	upload	1430	a8b7c3853965059da443eb306f403817e9aeb0e606fa08492390152beef640fa	input
C030 CountingLemmas Package.md	upload	3442	aed6683edaed6d483704a63cd321fcb300e329a26bf6c143042ead58a60bfc7b	input
C030 Freeze.md	upload	2673	ae20f4e3a239b17a6b747eba881d18cc7cf8e51e4d6a86eaefc40d9504fdef4b	input
C030 Observed Update.json	upload	1269	03490fe16e4e797f83792b2da758939874fd98a0b07741d62eb0e029d64af2f9	input
C031 Freeze.md	upload	1739	e165821b1479f619af8ebdb1438460edfebe88f44c189553ca86f73f8fe1afbe	input
C031 LBRATE Integration.md	upload	13690	e7998ef0d17d951bc89978f9fe32e510019059dd0650c8f0e0ae33273f40f32e	input
C031 Observed Update.json	upload	1331	5df4205f2f496f28668c7f1ea22e2a1af9cde00a72cb39a6956b20b32c995063	input
C031_LBRATE_Integration.md	upload	13690	e7998ef0d17d951bc89978f9fe32e510019059dd0650c8f0e0ae33273f40f32e	input
C032 Freeze.md	upload	3715	1487c20c45186746cadd24324802addae128d53968b208e7255d596ed61d2cae	input
C032 Observed Update.json	upload	1598	615ee3bb503206c4ace39c32381f9989d6a71a3e6f12b1618f21db4921b86d9e	input
C032 TC Supersession Package.md	upload	6573	8a76c5586e55d0dd66b1f2c7a8df3260e51d4ff00b517f2e166f964815499626	input
C033 Audit Package.md	upload	4614	e89cca24ad73d5530750928df64fcedea52df956fe900a6cbb6cf2271c684a9a	input
C033 Freeze.md	upload	2692	0269521474943ee563610c78dd8f5b37a167e289bc10b060f13738d97aea515c	input
C033 Observed Update.json	upload	1421	c8e620eb4106ae928eea1e2d755c0c7fb8fca4c1b0ff20811f532cd4a18766c4	input
C034 Definitions Derivatives Canon.md	upload	17687	9bc039912645a93c7d217fa578cd6d8bcdf7f1127266a440bb4f635b4af05d9d	input
C034 Freeze.md	upload	1743	b665c84b343ae485cf8249f93996c73151c5caee9ab524e96807138a8eaa15ee	input
C034 Observed Update.json	upload	1507	1cc5fb576c6d3244d268f99284af4c70f42351a9e400621d686cbbb436309dea	input
C035 Freeze.md	upload	2964	89fad14eb8c92eb584343b63ef9c6f67c3b74561b4ad2aa5c5dab64b7cec28bb	input
C035 MF Package.md	upload	4902	e11af30dd0acf5fc7cc78adcbc70e6e639dd7480d0ef0508d5c2018f934f3ee3	input
C035 Observed Update.json	upload	1343	97c12123b1a1fe07124c8d96d09d1d5396a052a2ab353e8390d6609b2e5cc54e	input
C036 Freeze.md	upload	2728	4278a6eb63327b73bb23059c21caf8787898f488483beb70b5ba0645fd9450aa	input
C036 MFC Lemma.md	upload	5009	3e723f5af2d098b42dbcc1c3fc15da7f655ec8dd7a4b9ada110d2f8a2beb581f	input
C036 Observed Update.json	upload	1337	d4609c1b9abb7ca71f9d4e76cdbd9259ddd22d89e3c0f5e4376e454ec38a3768	input
C037 Freeze.md	upload	1908	a6c30777704cc4a3a875ebccdd8fb26fad08ee6e6d05f58772b0b9d1edcdc9e5	input
C037 GridContinuum Package.md	upload	3999	56f804901f863a07500e87f40f1dab7ab4c499f630065e7efb9d789fd483dd14	input
C037 Observed Update.json	upload	1429	500bb1c66db8fc9627d3098b66bbc69b5fbe6b4b97c66e35900423a73bb743ea	input
C038 Freeze.md	upload	2312	2a031bf7c30c5533c4ed45fb1864e3ddba11a52011a8550f33f2131423f5416a	input
C038 Observed Update.json	upload	1044	1071913daea6246a4c7033c1bf2ad20f99eb7c0c79b1ae29d49f29908738dee6	input
C038 UB Package.md	upload	4222	c00ae674f2ec8781a69d5769b52e344f2eb83ad04d13069ffa5b96057c84f579	input
C039 Freeze.md	upload	2957	0702fefa87b16eb3931a89e1fdb90acb7251cbd2c4dd95cb55b2ec3f78d29ca3	input
C039 Observed Update.json	upload	1030	83cbad9be5e9515adb189c5d53a60ba0d651eb7be4434d3d3b491a0c1c5257aa	input
C039 Rigidity Formalities.md	upload	4612	c40e47bf7b00d84cf765430f6ed48c77cf630db5bd415cecc52cb39a4340902a	input
C040 Freeze.md	upload	1635	9a934ec9716ee43911e19674237b42fe0c562b49c1f9b6b7751ae6e862613050	input
C040 Observed Update.json	upload	1128	4890fae53d176934f74db7c93fcb6f32a16748f740fdf92774f283de0df0aa3d	input
C041 Freeze.md	upload	3173	aab4d5268e6310182bde9ae9d5337752b51999d3678bf0233112c4cdbdaca418	input
C041 Observed Update.json	upload	1197	cc5e535f28ba360d1817f238621c1c2060585a8875e90d4ca4d4658807e09ba5	input
C041 SARDG Lemma.md	upload	5311	06f4906c30ee683b528f9631e23370df1f25ba70fbd5f91d6186347f5f9efeab	input
C042 Audit Package.md	upload	4757	07f52b06344a78b13471267717a429ea06799be8934fa5be00fbac0ee985b401	input
C042 Freeze.md	upload	1899	06588d96bd44f21cac3db9e6b2fce4176331bddf175337aebaac3aa1e9929512	input
C042 Observed Update.json	upload	1124	b593ab1456d56fd0eb7a6adde5ac35ae35e845d60b87feb6315e7c327377a42b	input
C043 Closeout Package.md	upload	3629	cce2598ddf17cbfd25105ebb283f21072b5c356820b9565cc6e0ffb298b19d62	input
C043 Freeze.md	upload	1307	2902623a9a6e2dbfc183596983ebc8c1f0862b5f1ff6e8eab54c9edd981c416a	input
C044 Observed Update.json	upload	966	2b25dc583f976d8a9d4477d30fc5ffdb964426a90144abc8014664f8ce7e7c77	input
C046 Freeze.md	upload	2866	7629190f313910722141f5823d05831784fe4fc4e583a893f04da28604b86089	input
C046 Observed Update.json	upload	1568	be5d6833f5a586ab8398576488e3a7e9668acb4e999d4263509cc92afd131ad6	input
C046 Review.md	upload	8711	fb19926adc44b8cb8754b3b4541ecc16d23f9e8bf0a6a397ad7e6923c05eb538	input
C047 Freeze.md	upload	2561	a3bea42865fa8df146dd6f009be80352e2ed4cfa0a18cfc13be1ab29e0239dd8	input
C047 Observed Update v2.json	upload	1931	289b3061452425a64d6010a752d36f112e85c8168699765b34ddeca8619c0483	input
C091_CORRECTION_LEDGER.md	upload	3725	b0f806b3ff5c0384e3093e9e18b5f80023b0c9295613e051158b160da00a960d	input
C092_PUBLICATION_CLAIM_LANGUAGE.md	upload	4989	5ca523a825750f9cc4befda26950cd430ff5588b13abec3a6d7bde02321eeb80	input
C093_DEPRECATION_MAP.json	upload	1747	26c14f71bdcddcbc34950d1f09af740604b90e2aa78d5196033ccd8944d1a292	input
C093_ENVIRONMENT.json	upload	605	bf6aee01415a38d903aa98e7c37e3561f6764aeeb48bc8479ba9930fb05f66a9	input
C093_LOOSE_ENDS_DISPOSITION.md	upload	2941	79c5f727bade3fd74f259fc3944b514e97352357c965b01de221e3c47f7874fe	input
C093_RELEASE_AND_AMENDMENT_POLICY.md	upload	1024	99f2c64a56ac71d24b82b8dba7a349694d2a83e0b6bfe1e6be5a07fa2218ed57	input
C093_RELEASE_INVENTORY.csv	upload	2977	2f3b2eae88ab533f0fa81ee972cec738944ae421a48d7bfde7a9cab761b3f8ba	input
C093_SUCCESSOR_PROJECTS.json	upload	2057	7e26ac8c382b2b480c39a629428b55c32b60e21cfbbfa093fd399ae266f884a7	input
C094_C091_C093_PROVENANCE.md	upload	5019	b923e7b0e5a5e0a7b3f62f0247d3b077b6fde5612c646c59a6c2e5ce62433cb1	input
C094_CITATION_PROVENANCE.md	upload	1812	8a0ecc9bc901898b5e393666cd7c055ba86c94ecae9c747c33ba88d2d5a3f96d	input
C094_CROSSLINE_RECON.csv	upload	2944	3e4c3121ad20f4750c876b0390f729b4fe1746265572083d550e3305a58bd6af	input
C094_CROSSLINE_RECON.md	upload	3715	560f87dad336edfa7dfdf080efaa913f3a4929826b57ce1c70e56a3f0251af31	input
C094_E_LEDGER.md	upload	7386	86dc0dbdf55db0c16b959be52e32776cc2fd46e9244a43acf588a83f12fe470d	input
C094_LOWER_COEFFICIENT_ADJUDICATION.md	upload	1918	03c98a500ce80c5c1b93b47cdbf9352319dd7def3b8c32b82464bf25d5b088e0	input
C094_PORTFOLIO_CHARTER.md	upload	5033	7e9c2614b3d7b9dd81fd16c17c9f38087b688502438a0dc87e64087f82853054	input
C094_UBG_ADJUDICATION.md	upload	2356	ab273594faa61688e3ff2397ecc5a68571db017241c8716547b9493499e2dd5b	input
C094_VERIFIER_LINEAGE.md	upload	1408	147eef066d0efe7c74b224f878326187121dc697d2b3f3527e24aadb72ae884f	input
C095_ATTESTATION.json	upload	2025	86ce6f340019f3147e0a4e633852cd7505be9526c3eeb942b6f4b081f01081ca	input
C095_BUNDLE_VERIFICATION.json	upload	260	dce1b623679fb99fbb0354d0b65b4db84d4c53c6bb62e12e2d83c877f566f0ed	input
C095_E_LEDGER.md	upload	5235	adee50bb40d2d67a3e9faf03241bd4ce3a4f8c109cb777aac0d8f09f3509bceb	input
C095_FRESH_EXTRACTION_TEST.json	upload	857	b403d61314ef79dbaef15c8b7ac21c2cb03b92ce5d8e1113e51b8c2d95750d0e	input
C095_GATE_FRAMEWORK_REVIEW.json	upload	6756	2663daf49f8cb605b3aa746e78a26bf47e1ddcd432049b130aea52702d59514b	input
C095_GATE_FRAMEWORK_REVIEW.md	upload	5301	acddf457d17a366dabfad7b8b06c910324664d285727283a6234c8d9e4199022	input
C095_GATE_RETRODICTION_AUDIT.json	upload	6118	7abbc684dba12d155f654408b8158d0b478909dc67098caad3bb58ec1556cce6	input
C095_GATE_RETRODICTION_AUDIT.md	upload	2061	484f57803c53f8f32a553740857a7ab61cea2455086f6ad7f1dc701c2a9dd858	input
C095_MANIFEST.json	upload	8734	578cad1b6811592b5686e36412737bc4e4307ff68d1d3ddd80e16db2c6344a74	input
C095_REFEREE_FREEZE.json	upload	3197	a9b16bfa44bab1a5248da7fdfb6e1351ef651b748112d52c31b3a5dd2f5e84ec	input
C095_REFEREE_FREEZE.md	upload	1542	bd197d6493017338a8617fa3db386426eb79c0d817e4f463ba5ee133b6bc0bf4	input
C095_RELEASE_AUDIT.json	upload	1422	fcdd13f88ac1b66f6877b0abbf757a9a74084f4df09cffb3b846939755fd4dec	input
C095_SECOND_DOMAIN_CONTRACT.json	upload	11742	3558c970ec9dfbdb8bf958e07903b15bb803be39bb9d5fd629177e0fef9537c1	input
C095_SHARP_FREEZE.json	upload	3852	301c10b1da35d6da98acd232533c81fe6809d636e5017b3db3052156ff56e8e3	input
C095_SHARP_FREEZE.md	upload	1699	9cb08cfc7a1f0a8f3cedbd4a01142c6afd43886c4eb4fecf15f9cc47cc3c566b	input
C095_SIX_PIN_COVARIANCE_FACTORIZATION.json	upload	4487	5429b40d2ba0f06e0f2bd82b0e29bf97d47e3a84d5ac8814499dabe29cdb054a	input
C095_SIX_PIN_COVARIANCE_FACTORIZATION.py	upload	6984	0e50fb5c73989e9adeedfb2ab63a36e383186f767699d9b90b71fc4b1503aa57	input
C095_STATE.json	upload	2715	ddad9e821e77c84fc050d2a8baa6df9df29bbd592fdbe6a3092b44a81f8c8d96	input
C095_UBG_RESIDUAL_ADJUDICATION.json	upload	1755	bdff8ae0e94f1b218c4ecc52c1b526fc485014cf27a2f478fbcac6b019e9970f	input
C095_UBG_RESIDUAL_ADJUDICATION.md	upload	1730	467e4d8e839b62e3e9007a1ecba3f577182a1a7d9d966c2272fc78b23765e818	input
C095_VERIFIER_V5_REPORT.md	upload	1527	ca0fed3da575a5ef28681ef225fd0a4ab88b1e258c52dcb4f6565a0634b11005	input
C096_ALL_FILES_DEEP_REVIEW.json	upload	43816	9845d9e4cb68083feb5511b77f4757670912dc23fb646ebf0d18140915f24e81	input
C096_ALL_FILES_DEEP_REVIEW.md	upload	16037	91156c9bace6eaff9ff3b56dfd9081122108884fb00deeb76e46244be6a924b5	input
C096_ATTESTATION.json	upload	2991	8b92be9fa772b380bc32d260696fb20bd2ab61b11a76a562f070e30dac56c105	input
C096_BR_MARK_LIMIT_ADJUDICATION.json	upload	6434	6fbe3b9f0545ff15fdb280d2b7eda1c45dc4a8873443ebb77311cf8cf0e410e5	input
C096_BR_MARK_LIMIT_ADJUDICATION.md	upload	1688	218d6eeffd98541726f95d5d2b8da84013bd9d41cb243d143d8b51aec4411aee	input
C096_BR_MARK_LIMIT_SCAN.py	upload	12994	790f5a973d0b0002f7d7d35e498b42f85ecd13480b4131c3d72641c7be17b7c7	input
C096_BUNDLE_VERIFICATION.json	upload	496	86668f37707347dc569096467635e5d2bd88f4a8508c1e8dc02a58fae920d29a	input
C096_E_LEDGER.md	upload	11760	488e8c2775eee648945d8f92284ed1bfac832b4f76021c92deffcb6421294b8b	input
C096_FRESH_EXTRACTION_TEST.json	upload	10679	dcc67989f42534763ece79390c8213eb6e0db8fd1220c628f7abebc314a7da77	input
C096_GATE_KERNEL_V1_2_REDTEAM.json	upload	28267	f185a0504eaef29cb6e7baae417c5fbb3bf71cfa06062d7cb6e39a6458239439	input
C096_GATE_KERNEL_V1_2_REDTEAM.py	upload	16227	1ad7a993869d36580ed408f6871ad85e15aa7482067a748beb88d14e4d962f26	input
C096_MANIFEST.json	upload	12786	ccadf508b53b5b4f38a49bade526de3ea9da3ab72c87deb620f60f40c5af1707	input
C096_Q0_REGISTRY_MIGRATION.json	upload	8889	6ae7d89272404c2c3af135b5b42902073e01e9802c481ac86bdb69d71c00c161	input
C096_Q0_REGISTRY_MIGRATION.md	upload	3083	86387971d400c5814bb58d31653abbdbce7f3d5ed48189dd0587c649a86a3504	input
C096_RELEASE_AUDIT.json	upload	7174	a32e9432b46e4ec5f4c9f44f7868f88388f4c01d003fb342cd9b15e41e97b59a	input
C096_REPRODUCTION_README.md	upload	5179	5637df1badd672dfa2a44bce0e411544ab578b2930dfc79963f05c666280b07d	input
C096_STATE.json	upload	3776	06212bec59f0761318d23a23e46923388e66476dfc805f74bc1a7bc9ec57422e	input
C096_UBG_RESIDUAL_SOURCE_AUDIT.json	upload	3116	2e6c3ce4eee97bd56da9c0935eed4ef7a26eeb6d2219c59f59d05db079edf58e	input
C096_UBG_RESIDUAL_SOURCE_AUDIT.md	upload	3680	0c41ec46c12c5010749ff6a8e0a96123168e1f77f1f9ed076d8bd9b273dc4a63	input
C096_pdf_contact_sheet.png	upload	436211	dfbafb4868dbb6647ee90e87c3e9cd2141e0f3da001c7d343e63a445e604f85c	input
C096_v12_pdf_contact_sheet.png	upload	322088	d6a7b291f33f00f3e7bb17f5e5f322d949ff94155f506f282665c96e5e52e7cf	input
C097_COLLAR_GAMMA_BUDGET.json	upload	2687	dc763416e51ec9e7732a47857c41660b048f1a16867e7c2dace15b4ff91ff638	input
C097_COLLAR_GAMMA_BUDGET.md	upload	2593	85ceb16ba78af756456d0ce8c7813420d4531116983bedf24227c16aa3e3241c	input
C097_GAMMA_DENSITY_REDUCTION.json	upload	4032	c3dc7cc779adc32ec51eaa2a0c5a41416900c6b6e7f4a903532c0f03dc8bdc1a	input
C097_GAMMA_DENSITY_REDUCTION.md	upload	3801	30af6e88cb43e38195906fe86d2b8ccd2c15abd74668a632d767441949a110a2	input
C097_STATE.json	upload	1846	c4f5d613c6c1b18c84f3f485707707d32c5235c491d010838e91bfae30c20214	input
C098_E_LEDGER.md	upload	4703	5930aa0dd0d884f332293c70ed4e0dfc75479e7735ad750e31cf735196b05d73	input
C098_FREEZE.json	upload	3254	0ec4a01830209dfcc5e9cbfe182b3a7e716a3d16fa5f012f89fe047f261a68ca	input
C098_GAMMA_EXTERIOR_TRANSFER.json	upload	3355	b4c5e5d861ef20525728c248bde7b7021ba35b614b385a9a2cd27756e2283401	input
C098_GAMMA_EXTERIOR_TRANSFER.md	upload	4035	cea2a82698076f72a82cbd64bb7f3eda28b61e2a0f74b72d13cae021fa21a8b1	input
C098_GAMMA_MAXCOUNT_BENCHMARK.json	upload	146573	a48ff271c7d9939cc3b3cf768013341ca9b4f6dc5fad646bb48483a53f929524	input
C098_GAMMA_MAXCOUNT_BENCHMARK.py	upload	20588	3f919cfd74637565eb9df6b0650c9b32cc539d17b3b2bfa17df4f10d291ce97d	input
C098_GAMMA_MAXCOUNT_SUPERSESSION.json	upload	7488	e3f37666d7d6ec456704e5c21a76776e8fc1d111a7344ba402c7f56cfc0e06f4	input
C098_GAMMA_MAXCOUNT_SUPERSESSION.md	upload	6581	b8f0b48d7002eced8f33132bbb54c0d84c8d0e2456e3d0637d33078240d9bae8	input
C098_STATE.json	upload	4023	d3114672e9c7350798baae71d3da2f0baabfaacfa7d0a295a39bb1ea92aed8c0	input
C099_CUBIC_TYPE_NOGO.py	upload	9484	48c925ba3f98aeacbc5b6a018bc0a6eaedc3c47403c4317390789b6a06f68409	input
C099_NEAR_CUBIC_CLOSURE.md	upload	5645	a4c1b7f0b71cd7249fe97f185256c6937be68528ef6cf19a08c98d8de41845e6	input
C099_NEAR_ENDPOINT_SCAN.json	upload	600610	0b98a88b6acd27ce36e604bb3480811b4f600a0ce5581f33889d530372dde00d	input
C099_SCALED_FRAME_CERTIFICATE.json	upload	3547	f70259f7e40b6adddc7fd2e74a647df7f7f9b85c303d3a8ea7a46a957ee6165e	input
C100_COLLAR_CUBIC_CLOSURE.md	upload	5783	24eb9d55bcda133513392478d8aecb593db74b188b3f1c68629240e856241ce6	input
C100_COLLAR_PROFILE_SCAN.json	upload	338213	07c845dc179f246aa1cd4f37da25fbc5a349240129040160d4e7388578845d5f	input
C100_COLLAR_SCALED_FRAME.py	upload	11137	904cf2d0492790e84c788e264c8d0d7c846337640dfc0c82416496df617c49ce	input
C101_ATTESTATION.json	upload	2322	7f637d9702dc719b1cff2f03b0c34851888b491eacc6d92e76b3914b415d6bc5	input
C101_BUNDLE_VERIFICATION.json	upload	477	7fdb0d47e3ff8fe5d77aeb7e2f47667952647ed9f0092bd9b1ac549fffdfe85e	input
C101_E_LEDGER.md	upload	5906	8194eafd8d05160f0e83b3f89e459608ed8fe506a2b123cd529cfd8d1f603bf3	input
C101_FRESH_EXTRACTION_TEST.json	upload	5355	477716c03b9de37a1aa882789a7c6ce201bea4de3e06edfa33ce02c5a215bb1e	input
C101_GLOBAL_INTERCEPTOR_CLOSURE.md	upload	5957	186285d1ee093fcf4a1d1b79a73466e691f24e5f8111c3307b1264bc6a12b620	input
C101_INDEPENDENT_CHECK.json	upload	6769	776da265b878dc058588a53bb170f5e675c91c76899d9798a66272461482a954	input
C101_MANIFEST.json	upload	18205	be8e305aaf088e3fe52feb19598165e8b7759b3d3a5f939a53ae03c4a0e57372	input
C101_RELEASE_AUDIT.json	upload	2698	b7fd61f7a49087e8d4e481d18743f630202f44aa005596844094038c5a7c3059	input
C101_RELEASE_README.md	upload	2339	c494b2021b27e5b9eb14b0a8594fba9fe4618c084296a0323bc8c1df9eae0ec0	input
C101_WINDOW_SADDLE_FRAME.py	upload	7412	79c4e33e14e40aed59a99dd7f356fac95ad4820b6528b37c98ae1dbb73c77012	input
C101_WINDOW_SADDLE_SCAN.json	upload	219700	4292d84be5dfd4e834f9ae3ecd03da90ac9308f8f358711185b6971a0199bcf4	input
C102_CHART_ATLAS.md	upload	4335	1b0fb5d723cbdd51a0ba3c63d945c03f3f0e136f176c5d77542d03d0f3910336	input
C102_DETERMINISTIC_REDUCTION.md	upload	4460	bf40dded43ee90b4033f6bc1063064bf6153f3fb1d188ca1b61e0478997676bf	input
C102_E_LEDGER.md	upload	501	723c8a48ddd377acc20215364ce4a386e511a8c334ec39fb3273bc32527863c6	input
C102_FINITE_JET_NONDEGENERACY.md	upload	5241	463bcd13fd9042c993198c133a2125fd9cd63c2ed09dde0c4b2d18c166ee5f70	input
C102_FREEZE_v2.json	upload	3292	3699bd95d84ac2a7bb4521489e4ce07fa8653c66146cda754813727f42801f22	input
C102_QUALITATIVE_RATE_PACKAGE.md	upload	5520	ffadddcd1a9246ca87263fdb44cfc127ad4e3dc5f365b72fce0144906a2edc0e	input
C102_REFEREE_OBJECTION_LEDGER.md	upload	9595	cc9e80a2614ab5fd499d4a0c91fdf4e29b55fbad6917c3a6353a1ff1c333e97c	input
C103_E_LEDGER.md	upload	5615	64851b5e9aa05ce985214c00affa0af4de6faff77d44451300bb342a4fe27b43	input
C103_HELD_OUT_SIMULATION_ADJUDICATION.md	upload	2692	a752d52032c015ac7dc4ae59b37a2bca5bff7e842586fca881e5d022acaabda8	input
C104_CONTINUUM_VALIDATION_ADJUDICATION.md	upload	4001	6c8b060773c3b978d7fabdbe377e827883a20d7397d9c981b9608af5705ed1c8	input
C104_COUPLED_PERSISTENCE.json	upload	2409357	532946ea39a363f9bd7897ea2fe0d9a17b15ea87f082781e4830b4837da533c2	input
C104_COUPLED_PERSISTENCE.py	upload	19621	81062a506ae226095af68678ffebd4c1051e05f3fa8976eb36b87ce02cca6316	input
C104_E_LEDGER.md	upload	3627	938965bb573d8af9fb0045bfc28819c344f853ddc851f09bfa37072c3b616ae2	input
C105_FREEZE.json	upload	5930	41b6d566a85dc80f7d3cf8204e8affbb0a14261f08ebb6c859a0bbf242babb58	input
C108_ATTESTATION.json	upload	1521	ddc93b79f0519988436e54172c072048033b4075787206970f1e36514baf6d20	input
C108_CROSS_PROJECT_GRAPH.json	upload	3856	d50a5926774ddb4ec27b1ec581ab072394d7784e7cd52b2a1fa2c15b777a090a	input
C108_FRESH_EXTRACTION_TEST.json	upload	9647	6f114124ec9fa6fe9db071bb6ba849419a52ebdcc3aba38f2d2ab1a343cf661e	input
C108_LE_RECONCILIATION.csv	upload	2446	5bd1425c54cf1d90d8764ccb03f5854bef708df9e256d34106f03d950a23a226	input
C108_MANIFEST.json	upload	7503	09cae6972ed67c0683653a5c4ad38372ca5f7ac78e4b071896ab48fb3140ef90	input
C108_PACKAGE_VERIFICATION.json	upload	348	5b2f7f1ba98d903fbf56fa464fac5af2a7f36a1512545ef6fda68e10f348c10f	input
C108_PROHIBITED_STATEMENT_CLOSURE.json	upload	2159	15eb494a8f4817ef8f6e9a551f7972713aee27166091bc356ae80444a7ea9f09	input
C108_PROJECT_RECONCILIATION.json	upload	5732	82ee02e51f64ae0e769354ddf0a22227edd8c3caf98c9d8c215faca572fc8509	input
C108_RELEASE_AUDIT.json	upload	2626	7fdccdcef795f2b2ae861462acc5c6216701d5334a21fc8f4e52bde7dcad6bf2	input
CL-AUD-205-v1.0 — First Distinct-Family Reviews: GP-DER-186 (Noncompact Common-Robustness) DELIVERS — all stability constants exactly verified; GP-DER-197 (Borel A_r) DELIVERS — M-checklist discharged at CL level.pdf	upload	91447	433b105e44c1c65fc8851c724e036c24a26b76b857736e08e358ff5d4eb4ee85	input
CL-REC-205-v1.0 — Status Delta 2026-07-25 (late): CL-DER-204 Endpoint Lemma Published + Verified; GP-DER-186 and GP-DER-197 First Distinct-Family Reviews Complete — P0.1 Ledger Reduced to Five Items.pdf	upload	54294	933e673c5a8a53d1bff6be252638b277adb42651f63e4083632bc3f6c1be90e8	input
CLAUDIT_RECONCILIATION_ADDENDUM_2026-07-31.md	upload	7945	bbcb6820323db65fc8deba184d591e14ac7f9f6319c2f9be62ff475749a3b17b	input
CO 43-44ish when published Prior-Art Search_ Persistence Pairing Rates and Morse-Smale Genericity for Smooth Gaussian Random Fields.pdf	upload	99648	6b62c2769a151ea3e292d23409012f3ea2f979402c8fdb1c84f09b966da7ae3e	input
Claim Language Annex v1.md	upload	9080	34d4cd00e3c016cd86bd7cf36c16fdab572bb656da620e55f5989d83340e356b	input
Constants Table Canonical C020.md	upload	6553	5078419fefc44b129ce6b05c1547a453c4fe15196a7d68e88287491cd20150bb	input
Constants Table Canonical C021.md	upload	3967	8cd5db79b4f1a0691bf6e3104478d4029f11d569a321800a680781d177d24b1f	input
Constants Table Canonical C022.md	upload	3554	f32549e5856a0483eb9d5852b436b792558c17b8b6c8a3a9f2ed87581e6093e4	input
Constants Table Canonical C023.md	upload	3474	de32dfa357a4deb052ed14277262af907d017e27431e7a15d57d7d0b275be6c1	input
Constants Table.md	upload	2446	69cfe124d7f5105b87267140ca80ed4baa2443e2cd9496125b4c9d9bea7d0273	input
Constants Table01.md	upload	3575	e32401c6fd6f79433f9e82934bde4f78440b8ddb4667ec34e38d8a2a7fdf67f7	input
Constants Table011.pdf	upload	53752	84eccafa499ba2ac2d0ebe52fb55378bdf7e6081d7b378cd3a13d8c6fad4e441	input
Constants Table012.md	upload	3575	e32401c6fd6f79433f9e82934bde4f78440b8ddb4667ec34e38d8a2a7fdf67f7	input
Constants Table012A.pdf	upload	53752	dee731498c712ebed07182e51d33d5339b113b5b08ac22ff89b198f70b3b8b8e	input
Constants Table013 12 07-09-26.md	upload	5682	a6bedbd5e5c2b69039cbefa734606892b07b038d503f6267e4e30d9fddac29b2	input
Constants Table07-09-26.md	upload	6056	ff8df78684d7f4e9c79f70a44a8c8d29b5732293614825e42cee9f95e485d79b	input
Constants Table07-09.1-26.md	upload	6056	ff8df78684d7f4e9c79f70a44a8c8d29b5732293614825e42cee9f95e485d79b	input
Constants Tableab 07-09-26.md	upload	6056	ff8df78684d7f4e9c79f70a44a8c8d29b5732293614825e42cee9f95e485d79b	input
Copy of GP-DER-118-v1.10 freeze, evidence chain, and N0 scope receipt — Native Audit Mirror.pdf	upload	52750	15023059560fac4a7b8fb4aa932d93d25cd3b312ebdaf833319063a8dcc8afb8	input
Drive manifest (condensed, all 964 files: flags | folder | title) — Part 01 of 13 — canonical impact NONE.pdf	upload	57674	38c72b909b2fe48950a53a6ccb8872d46ddaa9843732ee18d5963f17c0f4eb06	input
Dylan_Roy_Google_Drive_Research_Audit_White_Paper_2026-07-27.pdf	upload	517646	ea7f81f0b2495a6669a3c168679afe2ac0edc4848c4921841a6df64a658378e9	input
FS2-MAP-001 — PCT-003 Unresolved Cell-Mapping Adjudication and Operator Sign-Off Packet.pdf	upload	248206	91e192a1eee4e0a2d914db9b88b81e56604e5dc47193031ea49db26866365aba	input
FS2-MAP-002 — Operator Decisions, Approved Configuration Successor, and Mock-Test Receipt.docx	upload	19377	91c481ca4619513b58bd9042e1b9dd9a8e42006fa9519289a1bbb934d60fb8df	input
FS2-MAP-003 — Drive-Resident Executor Carrier Identity and Installation-Readiness Receipt.docx	upload	17840	7e8e056d0ba9d621e5b4ac51925ddd078d200ded95fbe0d6b4973638c9c0e181	input
FarZone Enhancement Profile07-09-26.md	upload	4348	92f3c59fc9dc8da16af679c4ebf72111fd2e43d1ff8c20643cc58cb43b666fef	input
GATE_FRAMEWORK_MASTER_v1_1.md	upload	27996	2442dc38a5208519990b8b72db3390296e6f6ca6762a580331982965adaed9a3	input
GATE_FRAMEWORK_MASTER_v1_2_RECONCILED.md	upload	30769	ea3b0bce7087e37b9606fe04bf0c4d6161794f1acaf1bbcee8a05d72809a648f	input
GATE_FRAMEWORK_MASTER_v1_2_RECONCILED.pdf	upload	92754	e2a8b7d3b9c2e5f161c76ee38e2b1ece8a42c6314daac5e2880c3e61d06e3ede	input
GP-AUD-198-v1.0 — Common C5 Field-Space and Exact P0.1 Palm Quotient Audit.pdf	upload	120301	ae0a82286c2000d8c44dd22606a989e2b00772f8968918f273d9aef63b291b16	input
GP-DATA-214-v1.0 — R-Uniform Exact Endpoint Normalizer Source Carrier.pdf	upload	258015	30eddb5dd6d8cb1a7ae89f6a7d9b650a2729c4de01e96fbe460b118c543d8779	input
GP-DER-118-v1.10 — Ratified Endpoint-Hessian Successor — BODY 29293B SHA 9b7901e1.md	upload	30933	c1d6e559274d7e87a3fa92f44cb2534a5e277a3b5941fd40db380599ddba0564	input
GP-DER-186-v1.0 — Noncompact Monotone Common-Robustness Lemma for P0.1 Domain D.pdf	upload	184366	e0c5ca051d0470f350ebfce54f34f81b87c0914bc8bc1761d1aaa4087e2886bc	input
GP-DER-197-v1.0 — Measurable Selected Unstable Branch and Borel Exact Adjacency Event.pdf	upload	187037	f21165342ffef0d5b3d4fa1fc7cdf0be456dd27238ef962cac0e22a52cf237fa	input
GP-DER-214-v1.0 — R-Uniform Exact Endpoint Normalizer Upper-Bound Successor.pdf	upload	141179	3b97754a0704a0262c8183029d7f65f60e2d3c06472dd665b5dcb4db641c6897	input
GP-REQ-197-v1.0 — Independent Review of Measurable Selected Branch and Borel Adjacency Event.pdf	upload	156545	9052c56fa00c8b586e56e541b9d4f558aca5a0df540eb1aa9d39c3c65b006e57	input
GRADUATED_AUTONOMY_FRAMEWORK_proposal.md	upload	8601	66c5644cc2d7a4ee2a71da447dfaf21e05cb35d2c2145f4f5e1f4547f39a05de	input
Gpt10_PACKAGE_SCOPE_MATRIX.csv	upload	2043	01e264d6d024da24ffbd996d9883134005e25a407db68a44c4714aa214a320ff	input
HA-007 V2.pdf	upload	91356	787ecbcaafeed5a0358545a365665c2d3d0af4bb5fe67403b710751ebb78f49e	input
Kimi Single-File Handoff Manifest_ Drive Native Export Assembly Status (2026-08-02).md	upload	7862	c7df080bc2fd589284da59b36a310e67754188844bc82b1c7f2d8d7207d7cd97	input
Kimi Single-File Handoff Manifest_ Drive Native Export Assembly Status (2026-08-02).pdf	upload	89519	730c52b5e92c9df88cb7c66a53eb5e0a3d279fcd8bda4b6ac99088de5b438166	input
LB Bonferroni.md	upload	5698	5e82fa40e8a35133eaebbaf9c1a1c233f4ec29f47c478724c7901d953142be6e	input
LS-COR-005-v1.0 — Shared-Interface Review Extension — Normalizer, GT5, and Taylor Transfer.pdf	upload	124224	001ce3fedceee2c8e9a6e9c2d0bfe6188ca047c24926e00ef15efdb55ea9e78f	input
LS-COR-011-v1.0 — GP-DER-214 Record-Completeness Companion — Missing Constants, Control Taxonomy, and Radius-Ladder Clarification.pdf	upload	117086	c2e21f45550753bdb1c44474ce0340d1e38afc96d9a8fa3f03322fdee0d4b0d2	input
LS-DER-005-v1.0 — Exact Law, Event, Weight, and Palm-Quotient Object Crosswalk for P0.1.pdf	upload	232456	2446bbc6eb279f46138472b074cfb59bba0f327ecc644d4822321cc6c851bc10	input
LS-DER-031-v1.0 — Corrected Specific and Total Fixed-Window Lifetime Theorem.pdf	upload	106183	c667a5330b26efab4e9e00150e18418ee818e6a9cdaf43b5884e39bc88535412	input
Lemma ADJ Package.md	upload	3718	499b65e8287521c89ed4e4c2794d714267b3a14e618a1056c0e9d1e4c118775e	input
Lemma ADJ Packagea.pdf	upload	54510	3ba677df18e1b24fead428085b2dbe15c857e65d2ebd4032796dc50f1de04e6d	input
Lemma FD Package.md	upload	7847	90867d787c79a47f035282340ed56398c0e4e360880ee624c097cc42d9e14b90	input
Lemma I Package.md	upload	6261	19a47396ef0cf33849877238dac3a26d3d9e423f511cf59457187bd0d48af310	input
Lemma I Packagea.pdf	upload	60760	11aa6b4aa22c90227f7f7ea1ab0fe87acf86ebfbc6ce00e3923841f827822d80	input
Lemma LB ARCH Package.md	upload	14692	39c8ee1813f8b0afdaa9e7bdb068db3a9b4266ceeb8c111637be4c3a02cb1381	input
Lemma LB Package.md	upload	4915	5ecee5075a577bbd4a410dd4a1b5d9efc937bbbdb6b0fa2079b2f4021953c30e	input
Lemma LB Packagea.pdf	upload	55060	3d91487be1dabf2046884b04aaf18e0f5064f5ed77ec12dca130c8d51abf61e1	input
Lemma LBRATE Reduction C024.md	upload	9085	da0fb1248d3c694c1ad90746d7188492e2ab12a5dc4b4f8c5ff93e1177d36e8a	input
Lemma MODZONE CountLaw Package.md	upload	9581	bfc6754653443d26098b748e2e1fd27af5e6f6bb1301a43f6025f6c56dd878d5	input
Lemma P old.md	upload	3859	fb6f63fc01a9524f0cb1ecfde0155e29642bdb70539713e540ab67be3ac7355c	input
Lemma UB0 Addendum.md	upload	3442	224438cb740565ff8b2f0acab83a75c8dc80cc15265a55451f43ff930894c94c	input
Lemma UB0.md	upload	13512	c6a90469b6e43c592b661a63c85a6fa6590505f3d22fd888a328ebf7926d41c0	input
LemmaP Discharge.md	upload	4262	08294007291201b793011283a8c14615ad99dfb4bf9a4b6a0d60161224e36521	input
LowerBound Mechanism Reductiona 07-09-26.md	upload	5285	b8a0862b6b9f45aeec2be2fb40861dc7fad1652a1599bd600963e4d01b7150db	input
MS Shift R0 Closure.md	upload	12350	6575e2bb5178e1229794360d44bdcd5a733952033899b92d89868cf15c3d6c32	input
MorseSmale R0 Reduction07-09-26.md	upload	6139	dae28c773f297e08a39503f739a9cc0d1a355c75f12bdefcb15ac870e8f10d53	input
O2 Closure Rate Consolidation.md	upload	6228	41afe5a9c0002cb57db267349d3a62deed236ac2ba2a318ebe481d963c0605d3	input
O2 Closure Rate Consolidation.pdf	upload	59259	9b2e3c7503de355298f672d29149da57fb4123f46a46a695b2a78b86152b5d98	input
Obligations Registry Discharge.md	upload	9853	72adf3eb07b9c4e8083de5529d50b6d4bca7c55c899c27bd6082258331d40469	input
Obligations Registry Dischargea.pdf	upload	75652	b07c00d58137062cc355a690444a079e7797c98e058f4fa2e4881f24e9c8f4fb	input
PNG image07-09-26.png	upload	111587	2efab9da3691a7a309a50fe8577664d98eef39ebd2547de365e5dff76eedd65d	input
Q0_C091_PROOF_GATE_REDUCTION.md	upload	28239	128ab070189fe979c3c0a3df8c855484831c632cd769b5e1e6726aa6c94cc59c	input
Q0_C091_SHA256_MANIFEST.json	upload	2944	39f9044cc4ae89d2d0363abe5690b99bf8948551b45a0a98a02a3fd88d89b7b9	input
Q0_C092_FINAL_MASTER.md	upload	29741	026c4665d81d7401cd7c7baec654178a4dece770e4f755b5e8619627113023b1	input
Q0_C093_AUDIT_REPORT.json	upload	11778	06ebd510ca57c981b7badc4c4970d526558c4a4353af44203be0b8eb737b898b	input
Q0_C093_FRESH_EXTRACTION_TEST.json	upload	6802	0cb71b8d9d4f2bda85e1f6f22ecc469699afacde6a8fd9a5f0842446c41f2a46	input
Q0_C093_RELEASE_INDEX.md	upload	3642	a54960b940d28975c3bf82cd7d238bf4910c314ff54ba475bd7c25a33bbc5dc3	input
Q0_C093_RELEASE_VERIFICATION.json	upload	459	4fd9f30a0e044a0a6bb03a58d78599034a22d1227ea5034b28d790f41f9059da	input
Q0_C093_SHA256_MANIFEST.json	upload	6867	3be3370395eff0286cb27cdaa4e9ae0e5da667be6aea2e301dd2489408aec83e	input
Q0_C096_CONDITIONAL_RESIDUAL_CONTRACT.md	upload	1359	02658f4f473be6d9132cb2487c92cf87eed6f83702b698515ac8cdb6534e7401	input
Q0_C101_QUALITATIVE_RATE_THEOREM.md	upload	3957	8c2ded652973f0e6232e76854e2505d8ed532afef1815e0ebc88966dab0706bc	input
Q0_C104_THEOREM_B_PACKAGE.md	upload	5792	f592bc6ff6280e185981d99f82075147a552dbacf26cdbf69218f77f5824637c	input
Q0_C108_PORTFOLIO_CLOSE.md	upload	8719	c4247dd5785feca8a26537b25beaf3318dd51140f852ba3bd793ce546143d2a7	input
Q0_LEDGER.md	upload	253067	d1fea170ee04c93b075786ed636c3d9088fd80f2c0def51a6a2dbc0812e3e80a	input
Q0_MASTER.md	upload	1831987	3112fb610f27feea8ff84b8bdf9b475fc17c2e9cf12b4173866cb6ae2d9e22cc	input
Q0_X_research_program.md	upload	20297	690e46bf517d29e616aa068979f3ac1340dff493bce8cb45c5777f007a3ab6f3	input
Q0_X_research_program_v2.md	upload	28004	f6ca456fbed9415425b4e48281b8b8d296a1b1085fb28bf0d14d93a10556c4dd	input
QaRegistry Reconciliation.md	upload	6037	b61b26f80c45faadbea463c2c2c6bb8a89ced657b7e7781f293a56f7e0d2f82b	input
R0UNIF and LBRestate.md	upload	3552	0e9bb486c2dec10322f4145e3266eff5cdfef82edf5e4b05203d447b4a2c0ad4	input
RECONCILIATION_REPORT_C094.md	upload	3532	3d9dca12252aa64ce877b8166aab659f04a0b32f1fac36aa3bf6c36a59001082	input
Registry Reconciliation C020.md	upload	5150	5e699b607098065cd6a4ad87bc420be3d46a84910e4e65a4c7d4eb149742b7d7	input
Registry Reconciliation C021.md	upload	3738	aae592046fc263a94c3397523ad9a56cc42735dc72cacd0f0b0db89df5f54cca	input
Registry Reconciliation C022.md	upload	4364	dbdc8905309f9c26d7a5307c3bd0192876d5a6f7db9e64990ef09e158943fc96	input
Registry Reconciliation C023.md	upload	4599	5240408aa1df35793c5d3aa7ce1fcd362ad9e5c236862fbeaddeb71496df3991	input
S2-DER-010-v1.0 — TB-G1 Exact Persistence-Pair Point Process, Unit Multiplicity, and Adjacency Decomposition.pdf	upload	181231	8e93a52f3a75c264ce71cf70c2080a2bb4d234ffd616725fb5465eef3203b4ff	input
SIDE24-V3.4 - rp_c_rp_s_facewise_closure.md - OPERATOR RELAY 2026-08-01 - RP-C RP-S facewise proof draft - audit pending.md	upload	35310	40faad08824e4e77520143078ed606c8681532cc77ae9c9d42551baa5277b400	input
SSIDE24-V3.4 - RP-C RP-S closure disposition + check results - OPERATOR RELAY 2026-08-01 - PROVED_IN_V3_4_AUDIT_PENDING - HOLD preserved.md	upload	8157	d262021d7c0819ba09a6680c29379e3d731e982705a939bd60b8361e3382fbb1	input
Theorem A Master v2 0 SelfContained.md	upload	21325	24ce2837c063edf0fbf50f8b4f3bf1d29a5ecc216dbd51eed55d1e6b06b15144	input
Theorem A Master v3 1 VerificationGrade.md	upload	49088	61b6674aa9081621ddc53778e31fc87817b11e465fbc35e7924e70f56fe038a1	input
Theorem A Master v3 2 Distribution.md	upload	49762	70fb648412c4a9e26f67ee6ac68c264e311367ef5218ba743629638b8761b709	input
Theorem A Rate Master v1 0.md	upload	11633	ec38922e425bc1f302b1e1dc0860f3f387e089b129546758e984d507ce424361	input
VERIFIED DUPLICATE LOG — 02_GAUSSIAN_TRANSVERSALITY SAME-NAME SET.pdf	upload	53411	a67ee105d5c85894d1217168798968230518b59eaffcb557d6c4f8001cb75eff	input
Verification Data 07-09-26.json	upload	3864	ea44e5ddd6d445d87f024f2a6761dd4d19f459e2bb53e2643392cf967863b9ee	input
Verification Review 07-09-26.md	upload	11308	7c26be5b896409a6f957289c22effc72b1643ecddb282568314d2edcfd1b90d7	input
adj sim3.py	upload	4762	cab44ddc76d40aa34a3d174a696a5afea6b98e91cc7a92419f34dcbdadd3eadf	input
adj sim312.pdf	upload	37202	2d93fe30f4f8f87503e01f5988f769c9e8f6f0ba9da184204eac105c7b019200	input
adj x r1 20.json	upload	812	586e4984a369e78305584b85a6f6d7e20798b8b9363b444e853755156f585e7f	input
annulus final.json	upload	1870	160914c4ce86ffe4725835ab2759936d9617bdf6d839932ec95d83e97fddc90b	input
annulus v2.1.pdf	upload	37524	b2321ff88c24696ff33428856936ce01c28e8eee4633fa3a17d175962ede2ac9	input
annulus v2.py	upload	5712	b342ac98907023923f71ed376cd31c0e60dc0d57d7a75ebc829afac9b028d461	input
audit_q0_c093_release.py	upload	10121	f1c11c568a5141d32880b42ee0b17d32d4810e34917de32006c67f20d982b8e4	input
bf_susceptibility_probe.png	upload	115429	b2415391b27f487485e9f0f21fff2eebcf7c3dac0989b2947d00badc60c15764	input
bf_susceptibility_probe.py	upload	9449	98a3fc04015c9904ff4a94b2142460b8d968f78d0cbc0f964ab711bb5fb63897	input
bf_susceptibility_probe_raw.csv	upload	217669	81066c50d962c66f073e778c101aa4350b66cd0b34c6b98ac68935f020532528	input
bf_susceptibility_probe_report.md	upload	1800	d45b8ab149f67833066784babedd4782a357243e3d187e26407822e57084b385	input
bf_susceptibility_probe_results.csv	upload	2285	446c02939ac440902f1ebd7d2db5ca842164f068372b09c96c23153ce0b3b3cb	input
bf_two_critical_value_gap.py	upload	4952	d0324cdc9b9ab8b448de7b51094c7f4f40b2c8e549e12c1dc7218b3c8e1e0467	input
bf_two_critical_value_gap_report.json	upload	3252	acf6691a68d9cd24997fd04b463fd016eb1c3bd72492866040337692364e511d	input
bigraded engine.py	upload	5650	35058b3d25e7c93a023a595fd647040118ce4f9c42b4597246136d2aa528d5a0	input
bigraded engine1.pdf	upload	37270	8267146ae64fdbaf81ae267c4a2ccff2e30cbcd8a3e20745ad30c8fc2943838a	input
build_q0_c093_release.py	upload	4999	ad675e590f387830be50bedbd2b818496d5bba1a8d61da47c99b6ca64be6f368	input
c015 analysis 123 07-09-26.json	upload	2591	e9d8a6c240877fd597c49bbe5c2d8dc1d6936e3e822d7a92e0cc5d29099ebd5b	input
c019 flow4.py	upload	12587	3d8c7f0bc43c38a02a907ab507030dcaa1643c9dfe4a9eb13c8bffb773c0b7bb	input
c019 lam3.py	upload	6006	5c1e3795a774d74b7a6cc9fc553c8841333bd95790246e87a5bfee51e7f496fa	input
c019 results as.json	upload	771	bee1875da505738efed82084e22523b86f7a0cd9779c70cffa7c512a9eb3cb31	input
c020 instr.py	upload	27861	263ea23d9ecbb1f447994e525f047de7836793ac62626e149404711030d8da8a	input
c020 instru.pdf	upload	58939	592845afbe3e3055094cf1163258a5f5328ee0b673f6d03790699f10740d97db	input
c020 results.json	upload	5178	71141d824e192920f3fbb82a668ea87a27c73e2f688c719705b63b382482435c	input
c021 instr.py	upload	12244	a4811516dc13ded86b60842faae507e6e737f0e55432d2ee798fc2bf772124a0	input
c021 results.json	upload	3690	ddab361379f5333dcfe15a9d3f8a88eb5ec0230fa0aac5c22f3278d709f9f91f	input
c022 barrier.py	upload	6957	56068333e725f59018551806547ad52fa8a88f409c265a4b46842396a3714075	input
c022 fd.json	upload	7007	394a95990644cd49221a894e2b3a5954a01dad70142f75c49f0cd6ffe9b3290a	input
c023b adjudication raw.json	upload	306	d7d97b86ce304bbfc8f45603890569a7ab4060fd000521c908a4c5722ac56ecf	input
c023b exact.py	upload	4100	fc45fb3e063003585283fdd7e027963d7b7d8e6d309172d0c0439a655b8846a6	input
c023c mahalanobis.json	upload	1713	2b253d8218dac7877cf3e4124650af5d412c29503c45233ef7e890ab29d14f7f	input
c024 lam indep.py	upload	4584	a02e37635cda0f18934895d80fba2d44f660ac0c9f6ce41e5aa0d3b04ce0e1e7	input
c024 phase1 raw.json	upload	3122	474026b757d778863a51a2d64aa1eecd7eb10f15248fc1f92e68d80990dad72e	input
c024 phase2 decomp.json	upload	3223	fa795dad572ec2b72d4f66fbc9c7695bb94a1b9ff283c2d5055e9da93ffe7653	input
c024 ribbon sweep.json	upload	2062	569ab368700640baf9b50058d7753564b4232da3de42b4caf7f53b55662851a4	input
c025 PA1prime.json	upload	482	db2d45911f8c8a71bd3426bd5b1b774496d4f3726f88d9b1478a76ed235f1620	input
c025 arch flows.json	upload	1342	63c5c07b2d90e3d99eaebdffb48b5009d8b34bf1e89d6b765b9b809e7bf7f5cd	input
c025 map.json	upload	15016	bf1bebd5fb5a3f19648439fbb36512374d6740f2922c1646ceeab5e6d7db31b7	input
c025 meanflow.py	upload	3483	3a909a7c4b3b973e2edf577e2689543c8ae2c204d3f7476095e4d17a8bfe537e	input
c025 terminal law.json	upload	726	95b0f5ce93bec08bcb91ac6eca49a24a92545057ca18422b42538d7f32026450	input
c026 6pin exact.json	upload	165	b402d70e6420bee60f0b208a680059ad54538d8f07499903762aec6fce039782	input
c026 9pin exact.json	upload	151	dde415f8a93cea26565e65c2f68d07f2464fa69b77083586b6613b33fee1661d	input
c026 9pin varorders.json	upload	183	942879569dfb6f45e8cc2e35bd3b26a602b09f7db6fcaafe767d748b83f6ef79	input
c026 chain exact.json	upload	729	f263c09e969464c1f280e990d8f1193f58deedacf33c57e88e8346d01f376de5	input
c026 den closedform.json	upload	337	15ae2641653ec63c99c127df847224da33eabe3daa75b3a869c8059dec5a19ef	input
c026 series.py	upload	6553	4058cad4cc7c69201cb6f7ea392c1fae1099d087a7489a34e01ece064282519a	input
c027 final.json	upload	168	7c6d23f438fe47b7ecdbab52bb98e5278944e24bab5eaa1d8bfb95e53f00d1c7	input
c027 station.py	upload	5415	ec6ee2f49b9e4f54b07a647bd14371d84c1c0dfa78296eba82e2e222c0fc1d3d	input
c027 sweep coarse.json	upload	44087	d6f1f9e61a0c2d4ee70cfd1ed7eb4e13fb5f9dba9aa76109677bcdc2aacb0abd	input
c027 sweep core40.json	upload	7533	0003756d4075bbfa881edfeac68d6cca7242c54cee2c551f2814fd57759b4c18	input
c027 sweep fine.json	upload	19936	f3c72d2a94d89e9e2c9fa62b25f88a200f4497e00030b7458b550667e6dd1739	input
c028 barrier.json	upload	856	17ce10f9b7af8a5be9ec6e26edcab251cc1974fbfdbea04349ac25409a06d20f	input
c028 gd4.json	upload	258	e5db888e611595fd66ba6c1e68df909946fa349f84d364c97b4b8139625ebc85	input
c029 capture.json	upload	298	9fb1dc09a36e9ebc599a27da9b978e39306c53ad060c1d4de68db638fd280b73	input
c030 assembly.json	upload	131	49e197e978d950ac356ec96866760a7d0d8337341415e501b6ac7905dcd69990	input
c030 lemmas.json	upload	2418	5afabb604b35b28ce3f89a99859aa08887d7c4579d563ecd86deb4635afbcf19	input
c030 uncond.json	upload	307	2f0f5802c9577c0e6dc7db910c66b378b6fabd40ee9b543487cc6d682b642e39	input
c031 verify.json	upload	1603	83313c96d1610130451a7e936245a06e80d8cc84df00a20ae9e46e7aeef2a271	input
c032 gh1.json	upload	1340	b45f0d383c2e297d15ad5a5e96c9c7e91427b3a5d0d3dcf6977a55f636b71bad	input
c032 gh2.json	upload	2860	f10da508f32b8484bb23e334804bc1ae84b0d9054aac829154b73240dfbd6d08	input
c033 audit.json	upload	324	a44664e51777d08cc50ae4d9ccdca3ba7feb2782f9eb87889d878937ba259a2c	input
c033 resolution.json	upload	2	4f53cda18c2baa0c0354bb5f9a3ecbe5ed12ab4d8e11ba873c2f11161202b945	input
c033 supplement.json	upload	2	4f53cda18c2baa0c0354bb5f9a3ecbe5ed12ab4d8e11ba873c2f11161202b945	input
c034 battery.json	upload	40	c43dbd32d78f767487a4b1582993e6e845bfcad38cd6ef222993f583fa648c70	input
c035 skeleton.json	upload	845	d85ee7824edaeb3c429db2630b8ca2ee0c90cf43bf95a8b297e747714c8b3a8d	input
c036 final assembly.json	upload	413	7f5105b2749a33539ac707b2ce7a0762accbd56d64b3d0982181f9c9bbc20e79	input
c036 mfc prime.json	upload	1494	7cc253bd25c8f76812239753f7da26e6f2eb3c17dbda9f00f8202643f7cf1a6e	input
c036 tube.json	upload	8247	75c469b15b500ced951849d1afe1a3d8c24f990a622b3e02207e21249e8aeb14	input
c037 hier.json	upload	824	f1a6f9cdd321dc9ea452fa76b2be9b450b9fdbaa71f7a58d29644934365af239	input
c037 results.json	upload	7285	db39ab7465983402b32de6fe69f096db66848f18d9785c097ddcd8d7d7d8f81c	input
c037 wall.json	upload	1486	4cb2e2fd10e314715eb5a5dfd402c46904d6663559c4a0ff36132255e1cf495a	input
c038 gates.json	upload	1122	6f7dffc0c7ab6aec90ae0f943c1011f242d0fbbab906fb0bf40f2c230badc077	input
c039 gates.json	upload	1010	66587416b32462f97d9ef50e2e65fed7a5e782948a89ffc2473ca26b4dc2371c	input
c040 dependency graph.json	upload	5223	caafc9c2151aaf8d7119d681f44aae748f1f15c0dbe5d507b5e31de21956c9ee	input
c041 identity.json	upload	288	94460e4cd73559fd07f8cb23f5f4c9de392543ca81ea1a1623ce0c2577aded5d	input
c041 identity2.json	upload	269	e111523ef07fc398244142bdcd0f9cb3b9003822b52b0e7ea53ec5669f13add5	input
c042 audit.json	upload	321	f9c7bd4317a03b3b98159e10a97b06a270be5f4d2c869d1e394cd0e666a692af	input
c042 audit2.json	upload	192	551599806856dc05d23488fa18f6b917749d760db9c76bdd13b8d02a215fd2be	input
c042 audit3.json	upload	186	99b06335ef9094b4681d17ed3315501017c3ab3e65ece8b423e7925acbf6ad89	input
c043 results.json	upload	250	57dfe45200b4b781a0df1743aec384a62e6a3de0043d55d35c34d8b9b7ce0336	input
claude-opus-5 — session_01EkKVrmmSk92bvfArEp8YjW — 2026-07-27T17:39Z.pdf	upload	46424	6d54c119511c2bc0ffbc00ca649f306bc272e6cbdbb2cbb0c303df2db2db5b58	input
constants table.json	upload	410	d70ea14ef46489cf417800f41d6dcbf52fbb8a345ec50fff61bf19c11656deb5	input
gain law analysis.json	upload	949	f74a460367531703807e62740e749c04d0bc10f3b9066e9df255c114f82611d2	input
gate kernel v1_1.py	upload	27279	ef638a4faf2d147ec6144579d4dc4ba53d91e7b61511e7f6ae4bc4949f7e7fbb	input
gate kernel v1_2.py	upload	35686	3d3980a22aa898b7d56d4de25799af890f0cd23b95ca35104f2d4c2c46ae1369	input
gate-framework-master-v1_1.md	upload	62173	a16c44d5640d3e7e87c76cc42a6ca9d34f0ba102ff6d18ccb9857d40c5792020	input
gate_kernel_v2_0.py	upload	95017	9747f8572e13c7d2799b83d7e7e47bf2bd46f1c687ff9dd10953c67890ae4962	input
gate_kernel_v2_0_validation.json	upload	367531	fc5fce32664436aa80b0402b6befa51fd882d6f8e4ecf0cb788a8835dc24a9c0	input
gaussian_corridor_certificate.py	upload	5800	d8bd3f12b34147df24f97968a94a52dc9c0647ef4f4472f611b690606f8c4c31	input
gaussian_corridor_certificate_report.json	upload	13327	b6a70cfa846bca2d1d460ca78381895e8c19772cc4ba73b9d4ef128c2b4cd808	input
joint r1 5 m1 2.json	upload	247	707fd6c43175b33966f837466f83c4770184b31aef36ced855e2646828970409	input
joint r1 5 mn1 2A.json	upload	301	ede5011924cf6378bdfa537e357a7f40037f8fcc79124bdd9a447e816a77f112	input
joint sim.py	upload	4903	e39794f44cf1b14721bc86225ea0a206e78055413345498064c6a1b534eb3013	input
joint sim01.pdf	upload	35202	4c489169ce02ed0656d091ee439e76252cbd251e3c0f3fa9d0099fe40aff59aa	input
joint sim2 123 07-09-26.py	upload	11241	ca9c8a7d43d1191eb315d6c66076623718751f14c84f46f33c00b951e8dc60c8	input
joint sim307-09-26.py	upload	5635	a980e56feba8e0a4603d4ff7b7e5032c7cdaa4172578b12e2baca322ff27b9eb	input
joint2 r1 10 m1 2 w4.json	upload	709	621a8da58e27dcc71163a1e10281c97f7b15649018a17bce95978d41807d2cce	input
joint2 r1 10 m3 2 89.json	upload	702	69dfb4cc0b81c857cce06e240ec36fe142839562bc04671326650df09733fbc9	input
joint2 r1 10 mn1 2 67.json	upload	716	b376e963a2d0119eb84db26dbb179d35a3e6dad7a0bd062aa4988a76613dc4f7	input
joint2 r1 10 mn3 2 9.json	upload	685	ac90e03838fb053ad520deecf7a784b33e7f653ff5e79b37f796c2554f9c8e67	input
joint2 r1 5 m1 2 123 07-09-26.json	upload	795	9d61bf6395e10bfc83d7afdbb962dc92924989bcac371606b034d198b32e50fa	input
joint2 r1 5 m3 2 45.json	upload	773	d13c973508c8b7bb9363524d25ceefac2dea8bb79ffb656f9e971a3ac13e0647	input
joint2 r1 5 mn1 2 34.json	upload	757	2f009f68bbc7062b6b5238081b8ab2bd74555f28b9bc5fda6c8430454938a0bb	input
joint2 r1 5 mn3 2 56.json	upload	756	fe668a462d83e1c67451d7c0aba087afb7d79f64630173d52879cf9289c1043c	input
lb r0.45 summary.json	upload	212	479473dd55b2f49efa52aad2739805395144d9c45e1753c6ff844455eaf34784	input
lb r0.70 summary.json	upload	223	651292f1bde162f22a9005e569149d64649a9615f2b428f33acb8f5f57217d22	input
lb sim.py	upload	6389	4442eb0205510de7d2c2bc1557542e7ad71b29dda5c571f879850727d1194595	input
lb sima.pdf	upload	37902	b427d608a96235eff84977c9390c32d10ba3bb39c88c324d8d33ca9a91cafbbf	input
lemmaP general 123 07-09-26.py	upload	4451	e3a0f1510df5ea3042f015fcf26fff7c78f49ab477adb95abde7f553b72a50d2	input
lemmaP general new 07-09-26.json	upload	7595	547c6e657bc127ccf43fc79d9986204c9a96d6c224b588ee033779c50ad43008	input
palm_weighted_gaussian_chernoff.py	upload	6871	e2a308393bcd6831f6a6abf3ca4f22cbcb0d022287bb795b87df2ebb6eae9f02	input
palm_weighted_gaussian_chernoff_report.json	upload	2210	1a46553e7b57cbdb0a748ef428bd64bf2519fd0090c0249a5efa165a1464635e	input
periodized_bf_matrix_transfer.py	upload	7439	91cb008e45dff0a2f0f0667c8489ee49cab08b4b20b1d9aadaffe6e92c78cc24	input
periodized_bf_matrix_transfer_report.json	upload	2566	75f423ed03bdb6bdcba672557d69f863c39187c27fad9195e6e6417066e77d3d	input
q0 registry.json	upload	9362	48821c9b66ca77494e5063ad41c651569cff4f609f437df627e426adb9befee6	input
q0_c091_bonferroni_budget.png	upload	124667	2aec6b41fd082ab920424b9c5092b1539abb339734e2a74c44ffc87aa01b51ab	input
q0_c091_canonical_contract.json	upload	3690	c0491492f5d3882d4ae14a987b95d9a59de6ae01a9f2ed560030592ab41e2d07	input
q0_c091_contract_check_report.json	upload	747	52d12bb9b1b4dfca5360cec53af7d0615d7dd7416f511a5cb5eb0b24777afcdb	input
q0_c091_contract_checker.py	upload	2445	df4c015f094378d5e38c5203d0328cbaeafdd0101e690d7853931c0c4afcdaef	input
q0_c091_corridor_product_audit.png	upload	135634	7a8bcfb931683a8bad69343d3dfd8dea3f69fc8d1337f6269b654aa72ecb990a	input
q0_c091_gate_reduction.py	upload	4077	77164a2a62d7e00cd52c2fd3108ba6c4e3dd75379092af8f2f699390d4b03ca1	input
q0_c091_gate_reduction_report.json	upload	4460	52352214cc6af811c68a4dc6356fbb4b92ffee9d303d54179d90ef110058de8d	input
q0_c093_release_contract.json	upload	2472	e7d16bdff851facc3dc0cabc51e16a3bc7fa0afb50763789272c399b1dc0dd25	input
q0_c096_conditional_contract.json	upload	18033	503277d5e431ca96ba03adef666ab1752d13d4c11d6735d8503958964bd0c46b	input
q0_c096_conditional_contract_report.json	upload	30671	2063d5004c924730da6c6e7a427a57ab3bb6ddd8a3973a377d97632347ea5ddc	input
q0_c097_gamma_contract.json	upload	29334	5e20bf945a4da9f45097ef4c78ac30f8a01c30263ce5e4181be9aa78350342a2	input
q0_c097_gamma_contract_report.json	upload	50679	53ca78e1382c2c4fc68e39207e2fc1321bb7cf1b7ce5fdf8f8e8d8d48bfbd267	input
q0_c098_conditional_contract_v2.json	upload	34201	d43740b6d013ba1a52b828c7b09b8dcc48e10683f0b7c08dc393bb42eda320c0	input
q0_c098_conditional_contract_v2_report.json	upload	56226	47a1b7aea493603b3016a84053d5ecfb27308dc1e53521b5f745e8ce6a0d8385	input
q0_c098_gamma_maxcount_contract_v2.json	upload	25885	13e459d517e574ff3af479db7374159bc58eba014a2619bf7536d5dc75aac7b1	input
q0_c098_gamma_maxcount_contract_v2_report.json	upload	42106	e7b51ae0eda3aab44491fb4a23e0d3c748f43ba98e62ca983a629736545fd637	input
q0_c101_limit_contract.json	upload	27607	d86c87bec8a0eeb70ad28e9e2b8c546c3441f95b7e6bc32bcfde4aef554c4f6c	input
q0_c101_limit_contract_report.json	upload	45063	f627120e241a55d4a4a2b7bfa96a4d827f3c70e5dc8a2f57bfaaa5e53a7581c8	input
q0_c104_theorem_b_close_contract_report.json	upload	20536	e443cd1a60b695a510a153c4c2db87b61c04d5eafa422bcad029c2e69baec20b	input
q0_c108_portfolio_contract.json	upload	27331	40d8c9b4b0836a9f2c1268ea58025448a05fb7e6344c0bd52cf0c009a7f7ca77	input
q0_c108_portfolio_contract_report.json	upload	45401	f62b5d0a2bc49b43ed253b89522b55f71d027ed1cc5c0687d1d9caa33a0042eb	input
q0_llm_verifier .py	upload	15366	abea7a8534218589a35081506841841f859a3095ae6369bfc2e353e816b1dc5a	input
q0_llm_verifier_v2.py	upload	20334	6aeb0eef2198fe08c512d035451c035393f6a37153501ff483bef36f33eb54fc	input
q0_llm_verifier_v2_validation.json	upload	589	b1598fb64f17d27232c836b8670c6fa591ec4a752f329bed8e2fb8f7fc9a2739	input
q0_llm_verifier_v4.py	upload	36551	5305c19577649e424c99cb4a5165bb1cb05f71dabe4477c0d3b2fd9ceab279cc	input
q0_llm_verifier_v5.py	upload	68019	6ead5cedd4ac5e4fbc996eb91d8799cec2d273932a720af0ec66426a3d4d9576	input
q0_llm_verifier_v5_validation.json	upload	106547	5442fc302ae3350a57c8d4fc4926cb89d738d018459dd99d45263de0c9f55dbf	input
q0_machine.json	upload	5910703	c3a93bd250c49e256467939bf714c18488fa506e87ae10636608fae99fb9cd38	input
q0_registry_v2_0.json	upload	28526	878d139f11369ee513e0e8bb45472335c5a046742bb83945982fb95ea6c4a40e	input
q0_verify.py	upload	957321	eca1755d25375adfe4ccd3366b0c696ea5214d3267cffe7df9160ed6136d34f4	input
quartic_remainder_audit_note(1).md	upload	5830	e344ccec3945ecd1c931e7e84eb25ef2fe2a0c9b41f5768eb03619400b2b38db	input
quartic_remainder_audit_note.md	upload	5830	e344ccec3945ecd1c931e7e84eb25ef2fe2a0c9b41f5768eb03619400b2b38db	input
requirements-c093.txt	upload	90	ffb89e5e632155670c0b60066ceb0611feb920ca506c77538601bacdae8df697	input
strip octaves.json	upload	590	6843ffcd4eb5eceb01869b4064a5f7bcc97ca1ff624a6f6f8f38747884162645	input
three_hessian_conditional_moment_envelope(1).md	upload	12145	f19132b47dd58339d632ffe8ef5c9466dbcf9b353b406a31e22d3e35b5e5d0fb	input
three_hessian_conditional_moment_envelope.md	upload	12145	f19132b47dd58339d632ffe8ef5c9466dbcf9b353b406a31e22d3e35b5e5d0fb	input
untilted r1 10 576.json	upload	629	2c2f8940b8701d473b76f9a0fe58658e331e2b82968412147a7706bd000aeaba	input
untilted r1 5 456.json	upload	613	b1d8195c5fdcadf8faa2212f68307eaccbcf7ddb09f6b94031890ae29b9a5f61	input
user_pasted_clipboard_long_content_as_file_#!_usr_bin_env_python3_GP-DATA-214-v2.txt	upload	37512	63ef800a51969903b9c3d97c74e61f77ee037afadff73038047ef7cfce040fb9	input
user_pasted_clipboard_long_content_as_file_#!_usr_bin_env_python3_verify_g_chai2.txt	upload	5493	58519d6140c24d3a8759b9c39f33adab69913a7770a210bd6c51c5a44793aa2a	input
user_pasted_clipboard_long_content_as_file_#_SIDE24_—_P9_Audit_Part_G_Chain_&_the_1.txt	upload	4577	c17c269da7f99d4bbca1b23bd7ff0c69391caa55ddd303ad63bed32c33cfddec	input
user_pasted_clipboard_long_content_as_file_CL-AUD-S2DER010-20260727-01_—_ANTHROPIC_1.txt	upload	19344	88ce2467a797dc89e795198a19ae82ee3984d56b793778f3bf15b45dc1742860	input
user_pasted_clipboard_long_content_as_file_CL-DER-204-v1.0_—_ENDPOINT-HESSIAN_DIVID5.txt	upload	12171	69a56ed33c1d0d2910611a3c97d7317500149e327980db7b6719d1ab13af02d2	input
user_pasted_clipboard_long_content_as_file_CURRENT_AREA-NORMALIZATION_CLARIFICATION12.txt	upload	15278	190553b0e479b251109c7037ada429b28cd0c94b887e2267c0fc7a74d92245f2	input
user_pasted_clipboard_long_content_as_file_CURRENT_LM013_SAME-LINE_SUCCESSOR_VERIFI10.txt	upload	25492	4e6d04cd48c5982e487ae24496c575a602f249e082fea8d06b27c6d16e04ade5	input
user_pasted_clipboard_long_content_as_file_CURRENT_SUPERSESSION_STATUS_—_2026-07-2614.txt	upload	16150	b0dde760ab7d280f1d1b62574ca1a9f8d492e30c6ca6aa98eee36b92a7e5a497	input
user_pasted_clipboard_long_content_as_file_CURRENT_v1.9_SOURCE-ADDRESS_SUCCESSOR_ST8.txt	upload	30938	99933d85726b6e4fbc71d097cdfbb8b5923726c0a355b6f51ac82bb503a50954	input
user_pasted_clipboard_long_content_as_file_Completed._The_corrected_G.9.1_identity_3.txt	upload	14566	ebc4ab7eae4cf84dee6eb591fb2231500deccd5809a541eb3d561f415bd31adc	input
user_pasted_clipboard_long_content_as_file_Direct_composition_—_here's_the_work_ord4.txt	upload	4890	53d2ebb3cf038628fbfc9e7638fe79ea6cd2254f526eea062dd9879f3a5be393	input
user_pasted_clipboard_long_content_as_file_EXPLICIT_FIXED-WINDOW_COEFFICIENT_AND_TO15.txt	upload	12794	5476f11a281635ad99a7ed125a55e06e875681aa273fb682ada02c9e0035d0c1	input
user_pasted_clipboard_long_content_as_file_GP-DATA-214-v1.0_—_R-UNIFORM_EXACT_ENDPO1.txt	upload	44860	891d9b73332e6f22560cfc6519c8169f8f8d03e9f52eafed8a1344a136c45d09	input
user_pasted_clipboard_long_content_as_file_GP-DATA-214-v1.0_—_R-UNIFORM_EXACT_ENDPO4.txt	upload	12437	6d935a1a32d9d0cb70819088667b74fd5f7786a1d1bfcd689a3d77337db79d38	input
user_pasted_clipboard_long_content_as_file_GP-DATA-214-v1.0_—_R-UNIFORM_EXACT_ENDPO5.txt	upload	39783	8c842df94d2da2c3fb81be14191918da3995dc16bfd0fa84e06186776dded630	input
user_pasted_clipboard_long_content_as_file_GP-DATA-236-v1.0_—_CONTENT-ADDRESSED_SNA6.txt	upload	31960	6874db82f8828f6fee4b9e27debdeb95e5b553d479e16f0ab05300f74eab52bb	input
user_pasted_clipboard_long_content_as_file_GP-DER-118-v1.9_—_EXACT_SELECTED-BRANCH_7.txt	upload	28257	d894c0fe35d17be878820971df5b7b300b6182ee71d79a89efe0d25ef6fad7f5	input
user_pasted_clipboard_long_content_as_file_K3_SWARM_MASTER_WORK_ORDER_—_SIDE24_q0_L1.txt	upload	21115	6cf3a0bdce7856d1c8961af4e3f64ca741dc3d560162c1c66d9c66c6f0a05df7	input
user_pasted_clipboard_long_content_as_file_LS-COR-011-v1.0_—_GP-DER-214_RECORD-COMP3.txt	upload	10967	065cc428c6ee0951dbbc5ba366c21c98b551e3c63147f95a5ee1fd9bcffd333f	input
user_pasted_clipboard_long_content_as_file_LS-DER-030-v1.0_—_EXPLICIT_FIXED-WINDOW_16.txt	upload	16937	12c4dab70c00ab6836b33b4bd5c79b18dd991b58f479ca786766787a3577c106	input
user_pasted_clipboard_long_content_as_file_My_honest_verdict_this_is_a_substantial1.txt	upload	6426	289dadde910714d957a6c0aa296bef245e0081f4804ebff556979a6279506ea8	input
user_pasted_clipboard_long_content_as_file_One_relay-fidelity_decision_first_Kimi_6.txt	upload	5417	1ed2e9344f7b6e862abb594ee281a8117ecbba17525043ce4742e39c6a336e76	input
user_pasted_clipboard_long_content_as_file_PLANAR-REFERENCE_LABELLING_AND_CURRENT_F4.txt	upload	15305	5a93dc09fc68356412c1ec7840a7d5a293ac9b29e8abbfbe9929021ca26a4096	input
user_pasted_clipboard_long_content_as_file_RS2-AUD-214-v1.0_—_ADVERSARIAL_REPLAY_AN2.txt	upload	9973	bb744d54968658065aa9acd6f663967020f14c95d2b8d7dc85c64acade3460be	input
user_pasted_clipboard_long_content_as_file_SYMMETRY-TYPED_SUCCESSOR_NOTICE_—_2026-019.txt	upload	16031	6bb85ea568562965e57d1b5630cf2a93420183b1f87cd11e7356876d951978a2	input
user_pasted_clipboard_long_content_as_file_Side-24_gap-fill_supplement_Companion_t2.txt	upload	72105	924b9ca73f0474bfd4598e9a94f86c39559e7957c02318b61e761faa323724be	input
user_pasted_clipboard_long_content_as_file_Six_hours_of_real_work_with_zero_ferryin20.txt	upload	4821	bc1eeed30783665368c1bebc4c08f9f564090ead55636d5ec1b4f29341943a80	input
user_pasted_clipboard_long_content_as_file_TB-G4_—_FULL-KAPPA_TAIL_DOMINATION_AND_N11.txt	upload	11725	e4d8094ed1bfc9f9cc7491f13efd5cc5294ba3b5f4fbd4bc8bbba33dd1a2ab5d	input
user_pasted_clipboard_long_content_as_file_TB-G5_—_OFF-DIAGONAL_COMPLEMENT_AND_FIXE13.txt	upload	11330	60768783048ae9f5347735caa6a543ff074b785f2d5a1c568237c92d12f12f39	input
user_pasted_clipboard_long_content_as_file_V1.1_ANTHROPIC-DRIVEN_TWO-SENTENCE_REPAI18.txt	upload	13716	f9b97a688cb292ecd7a4309a64b6a2c2ff65076198fe800da3977a007bfbcd91	input
user_pasted_clipboard_long_content_as_file__0._EXECUTIVE_RESULT_The_exact_select9.txt	upload	13797	035d5a18018606bd8736dc5774a7adbed29de453b30a1780976e1e4f69285d4d	input
user_pasted_clipboard_long_content_as_file_path,role,bytes,sha256,source_drive_id,p17.txt	upload	4152	2ccbb4505dc81908ef6b4c7c0281f64bb48c6ec439bd2840313950e59eb3206c	input
user_pasted_clipboard_long_content_as_file_{_artifact_id_GP-DATA-214-v1.0_,_3.txt	upload	10944	af2779575ce3d18eeb69499e32ecc6e7c40898181ddf0fd6e4815d35cf8a6cbf	input
v2patch Correction Addendum.md	upload	1270	9736f35dd0c5cd222e60a12909e854c41d204b76549d019b3d3ed110b15fd1cd	input
v2patch Correction Addenduma.pdf	upload	26965	7167555c3e63c98db86e245dcfd7dd672f7b9943f4c813beb5534ec8af3ef3ec	input
v2patch Correction Addendumad.pdf	upload	35510	5f150cfc7d6ec3566a426831549b8d12ffa915c6d2d8907246c1622625daeb5e	input
v2patch Correction Addendumaw.md	upload	1917	c5a246a967265e9e796582474eb3d17eab4bcc474f6cc427a90ad694aa0f849a	input
validate_gate_kernel_v2_0.py	upload	39814	98c4da2e0acf8e34d2bfd4489580db6e41599f3c532b7114be829483c2141909	input
validate_q0_llm_verifier_v2.py	upload	4586	5a8fc3e8a54a1e1d6773b1b3b1d14db393e482d58443fee660225b8aed86cb65	input
validate_q0_llm_verifier_v4.py	upload	4429	d3d92ffe9cea955de08ec1a905fd115fcd569f92ea5572e684936b3bee369f7d	input
validate_q0_llm_verifier_v5.py	upload	25938	5bb85eca90862a0bc0d35c537e1ee2024960e798fdc95a1ed32de6f0b7bf48fb	input
verify_q0_c093_release.py	upload	2894	a5a990b4248e1e79bec54564cc4c35c6faa58441fc31dd571eaf83ac7cf08206	input
verify_quartic_endpoint_counterexample(1).py	upload	13329	461959368dfc7759c78ee105e4b82ff97659ddfc3a28837bbf7e8092da2f39d9	input
verify_quartic_endpoint_counterexample.py	upload	13329	461959368dfc7759c78ee105e4b82ff97659ddfc3a28837bbf7e8092da2f39d9	input
winner assembly v3.json	upload	1409	bc29e9e506915ef7b5db59edd67b5f33ca70c143a0bd500b35cdadad177e3d55	input
/mnt/agents/output/SIDE24_MASTER_REGISTER_R2_2026-08-02.md	research	30062	7fede02fc8636effb644496c3fac267b4817720d988d88a5fb56a328b4034925	input
/mnt/agents/output/SIDE24_gap_fill/SIDE24_GAP_FILL_SUPPLEMENT.md	research	115104	33609b70d8c4d970d3594ebdc2cb59200508bfb2e53002ae7c6b10b3bc19d41f	input
/mnt/agents/output/SIDE24_gap_fill/reports/KIMI-THM-023_lb5_assembly.txt	research	14982	453114542b0e215677cec3525dfab2a3e2cb87ed48284a5e6e82b89a85c2ffb5	input
/mnt/agents/output/SIDE24_gap_fill/reports/KIMI-THM-023_v1_1_lb5_assembly.txt	research	14876	8ad1acca9f54830d5897823f4f5273384a633a4d27051de9ad86f27eaf9dd820	HOLD draft, noncontrolling, contains placeholders - preserve bytes, do not consume
/mnt/agents/output/SIDE24_gap_fill/reports/KIMI-AUD-023_lb4_residue.txt	research	5498	0dfab4f07f7c673f48ca2fc49ffe7358e8c4ccaa35e8edc1f2172844fc53f488	input
/mnt/agents/output/SIDE24_gap_fill/reports/KIMI-AUD-023_v1_1_lb4_residue.txt	research	10394	1fe6902cee307081668b61be79cc2085001d25290d4917c615f0cc861af06b97	input
/mnt/agents/output/SIDE24_gap_fill/reports/KIMI-AUD-024_lb6_two_sided.txt	research	3383	853ea5a0d59c888d96000b4e49f15d6fb3550c29c6dd1ff4386de1e14945ebdb	input
/mnt/agents/output/SIDE24_gap_fill/reports/KIMI-DER-025_wp_resolution.txt	research	12285	1dd6daceca9fb5965f22d7ad07d28f2f1ede68812a7b4d6cc9f3555e172e6e2e	DEFECTIVE (missing-CS-square-root in the WP upper bound; see 00_READ_FIRST) - evidence only
/mnt/agents/output/SIDE24_gap_fill/reports/KIMI-DATA-025_wo063_intake.txt	research	2455	3bcb3f11208aa0a69e9b3497cb6bcb301cf1e009a593df5bb4aa1d04f94f98cb	input
/mnt/agents/output/SIDE24_gap_fill/reports/KIMI-DATA-028_transport_settlements.txt	research	4953	7ee412f6d5ef41570a61a0a3eb8ecff28981543ca12260ab5a9dcd705e5c21c6	input
/mnt/agents/output/SIDE24_gap_fill/scripts/verify_wp_witness_v1.py	research	31026	da424a76788934ed54fe09a27dc9cbc4d546cea6734cd77c28e7be5660cd57af	DEFECTIVE (missing-CS-square-root in the WP upper bound; see 00_READ_FIRST) - evidence only
/mnt/agents/output/SIDE24_gap_fill/scripts/t_wp_normal.txt	research	7953	371f308f3ea0f3e5091a88340f7cfe350ab987d928ebbfa80ab7dc584f297515	DEFECTIVE (missing-CS-square-root in the WP upper bound; see 00_READ_FIRST) - evidence only
/mnt/agents/output/SIDE24_gap_fill/scripts/t_wp_O.txt	research	7948	6f1a226fe1ecefeba95aa955f4bbacfc582ebee789bc454ca5248c1c674dcebc	DEFECTIVE (missing-CS-square-root in the WP upper bound; see 00_READ_FIRST) - evidence only
/mnt/agents/output/SIDE24_gap_fill/scripts/verify_thm023_v1_1_v1.py	research	23691	726900027242ad110221ea39ff0fefe38a8a2926522f95bfe0bb60cde0f494ac	DEFECTIVE (missing-CS-square-root in the WP upper bound; see 00_READ_FIRST) - evidence only
/mnt/agents/output/gamma_loc_iic/KIMI_DER_026.md	research	22934	d6bde0636b400d995f889e55446892631f3c2d462e060b34c27532fbd4a05bfd	input
/mnt/agents/output/gamma_loc_iic/verify_gamma_loc_iic_v1.py	research	13976	ece7244acaa69a2f8719d35bd73f5ea9f6542902c8ae86efd6a3ed14ffece570	input
/mnt/agents/output/19fcef2e-c302-83b4-8000-0f5af9371ada/KIMI-DER-027c.md	research	15144	258f55df9baabf91a04d192f7b5b9bf993d34a25819b5721aea2392e66c93b05	input
/mnt/agents/output/19fcef2e-c022-877e-8000-0f5a09d447b0/KIMI-DER-027a_farfield_envelope.md	research	13602	992f00d5bbcd897b7fbe21779bc0c212dafe75a4354d8c85105e58c6d3a8f448	input
/mnt/agents/output/19fca709-6422-875f-8000-0f5a4a02e62f/LB1_sup_over_zone_proof.md	research	14721	4d265aef0f9d4906cbf7bb97ae3e2fc86e6449924f06b65bab54783fc486279e	input
/mnt/agents/output/19fca709-6422-875f-8000-0f5a4a02e62f/lb1_sup_over_zone_certificate.py	research	37280	a69cec3c107f38245283efbb83a423ed364db7256dfc8ec909ea1b78dac580d9	input
