path,role,sha256,inclusion
00_START_HERE (Google Doc + .md),entry,local,INCLUDED
00b_CURRENT_STATE_DELTA_2026-09-15.md,status,Drive upload,INCLUDED
01_D1_ASSEMBLY_v2_2.md,assembly,7ca114f0b38680d8bb987c097de10f3faf884ae3b05c3ca47215af5df081c174,INCLUDED
02_D1_V2_2_RECEIPTS.txt,receipts,Drive upload,INCLUDED
03_d1_falsify_v3.py,gate,Drive upload,INCLUDED
09_PACKAGE_MANIFEST.csv,manifest,self,INCLUDED
10_REFEREE_CHECKLIST.md,referee,local,INCLUDED
11_WHAT_IS_NOT_CLAIMED.md,firewall,local,INCLUDED
authority_zip,zip,a2136bc033f349382f9896896347da7a6dabde3334103276ad04db9205aa2b5b,POINTER_ONLY
