sha256	bytes	path
18437144db76d285aad4ae976046489e68670eeec5901ed0ca30f749cb6c0a7a	11454	SIDE24_MASTER_REGISTER_2026-08-02.md
9c848ea65a291b2606c72ca1f740573987becb9c0295e8b132485fb1b6cfcb01	25037	SIDE24_MASTER_REGISTER_R2_2026-08-02.md
cf6c4e681cd57f479f5eabe7ab8a0b262327e22d986405b26f508b00c63233d8	3203	SIDE24_gap_fill/INTEGRATION_PLAN_2026-08-02.md
33609b70d8c4d970d3594ebdc2cb59200508bfb2e53002ae7c6b10b3bc19d41f	115104	SIDE24_gap_fill/SIDE24_GAP_FILL_SUPPLEMENT.md
ea8a6b7124163466640dcfc938fd4707e1719e4cee2008d10ccc8471bbc43c34	42951	SIDE24_gap_fill/intake_inventory.csv
f542336aee7e3c0875b8a51207ca97664c669d5b294ef649c431b2dde8f76391	3849	SIDE24_gap_fill/reports/KIMI-AUD-003_task3_rho_remainder.txt
552a26aa9a435b76b501af36e1f13f60840de791c066479c95e5f382cd24dd03	4804	SIDE24_gap_fill/reports/KIMI-AUD-005_task1_cl_der_204_review.txt
17c8eba9fcc4a5d1475d7f9e6f3b51ff060aa5ecca78ee879617a20ea0c127fd	8329	SIDE24_gap_fill/reports/KIMI-AUD-006_task7_v34_facewise_audit.txt
2a38f2d412b4a7b51f008fc5593889b2598fbe01197ad1d873646bb7444877ce	4624	SIDE24_gap_fill/reports/KIMI-AUD-006b_amendment_closure.txt
82b0a22bf802a55406f52c00c73f38ca3e49b8aab1d3e6be5d5f2db9bf8f7d55	4071	SIDE24_gap_fill/reports/KIMI-AUD-007_task5_axial_suppression.txt
fd9609fb7db149d825a3932b5f7e6703c730cd69d71c7a3598f0ec270e3cd3e8	2204	SIDE24_gap_fill/reports/KIMI-DATA-001_task0_inventory.txt
73503e4254b668828bcf0a6f410c350a95cd6079d799035f9377097580ea2002	1817	SIDE24_gap_fill/reports/KIMI-DATA-008_task8_p01_inventory.txt
a9b70ffe5b8b2d9098661ebcddb9902943c10f46d914870984949bdc95f97c48	2135	SIDE24_gap_fill/reports/KIMI-DATA-008b_inventory_full.txt
068ec722176baed6c9567bc50b78ea2db2904670b6caa839afff06f9b77f0189	4509	SIDE24_gap_fill/reports/KIMI-DER-002_task2_periodization.txt
20043efdcdb8c1288efa036892f4578471cdec5a9bca2c7a035af6fb66f13623	1671	SIDE24_gap_fill/reports/KIMI-DER-004_task4_polynomials.txt
709a4d24c0c09d2e9ccd125571fdb38f20b7cb1a081e9065959c7a00596d5331	4417	SIDE24_gap_fill/reports/KIMI-DER-006_task6_d7_mechanism.txt
410cabe4fd3ac472591ffff181987b0e65ba121f08f3b44e99f3be7e7119c4b7	6530	SIDE24_gap_fill/reports/KIMI-DER-009_task10_selection_lemma.txt
a292c5275d61c8e2a03eae844b677c1c08a7fb285964f05b01eea7ee2df63214	4178	SIDE24_gap_fill/reports/KIMI-DER-010_task11_joint_gluing.txt
630a8cad223ed52bae0fc3a06fe13acfc9b07059b925c96f00b2e5c8ec38e5b9	859	SIDE24_gap_fill/scripts/arithmetic_ledgers.out.txt
ffbc6ccb48c08f78f4ab169aa98fba1c3eb0d96ed36c5fbf451d4a45e1b8bea4	4191	SIDE24_gap_fill/scripts/arithmetic_ledgers.py
c1591c86cdb3dae56acc6c819b3d832ad0ff9c684a6377859344f97ac4225d6d	685	SIDE24_gap_fill/scripts/audit_density_vs_cumulative.out.txt
9c5ddee6ca60e3b34cb356fb81763ae2dfc1b5bfbbd2357d58a9a731285816ac	3832	SIDE24_gap_fill/scripts/audit_density_vs_cumulative.py
b1431b3462329080fa8626caf1fd8eab0212748c04a667b7cf15dd24090e5690	342	SIDE24_gap_fill/scripts/contact_covariance_verification.out.txt
9e41df0305045ae04c048b2f283dcc697955cdcc506f41b7483c0ab4616c51c2	4089	SIDE24_gap_fill/scripts/contact_covariance_verification.py
0ab11decb64f42289ec6e9b4e5e877ab9150e289a1553c6ce64f7d5c8b6acbd0	159	SIDE24_gap_fill/scripts/d2_closed_form.out.txt
abfae31f7a96ddbfc07a0db66c2b56c6743f4e940a01fa449011c8adbb8096af	3292	SIDE24_gap_fill/scripts/d2_closed_form.py
66926fba780fa1551ae6b7d1bfa4d98b1d882cddd8d17dbfb56ae2b42166ca36	370	SIDE24_gap_fill/scripts/first_variation_derivation.out.txt
f7058f9aad2541bc807c288b8dd93a4b2b5a26011609610a5cbfacc3e49dda7d	6587	SIDE24_gap_fill/scripts/first_variation_derivation.py
2fcaa72e7a37c43b098488efa8c65feed55b7557d96e72108e6fdf7d68360652	581	SIDE24_gap_fill/scripts/goe_cone_coefficient.out.txt
1eee4ee123c58f8e00637cadf7d2090cead048f3997902fde00017b5eb88da5b	5269	SIDE24_gap_fill/scripts/goe_cone_coefficient.py
b7385cfe9245eaa4d9d52334ada38c37ea52eae6427f079cb2a38402773ea368	1201	SIDE24_gap_fill/scripts/triple_contact_elimination.out.txt
6e140fa0a50b8bf0d9d56341e87b3f9bc7939e93b2cab81ec48d2a290e20cdf6	4037	SIDE24_gap_fill/scripts/triple_contact_elimination.py
940ad34047a1fadc447b5cf1e01c107b5009b669beaa93e98d26e6a11f2091ce	1027	SIDE24_gap_fill/scripts/verify_a44_a46_flow_v1.O.out.txt
940ad34047a1fadc447b5cf1e01c107b5009b669beaa93e98d26e6a11f2091ce	1027	SIDE24_gap_fill/scripts/verify_a44_a46_flow_v1.out.txt
d0a9b667a93ce7ca532d30fb847773006942c3a89cf96736c3bb7a537b91ba0d	6850	SIDE24_gap_fill/scripts/verify_a44_a46_flow_v1.py
470e81514a476e7c26b20a9ae855170b56c12ececba7e083bf9e819436ecfda5	253	SIDE24_gap_fill/scripts/verify_capture_escape_budgets.out.txt
56206651a85d128b3b2d3395f12773b74a55a5efff7539eb86392a2ab416fb38	5845	SIDE24_gap_fill/scripts/verify_capture_escape_budgets.py
b13a6784091f0ea605547e6f1149536792e395bb9ce52e159d8efd353f6f946c	19059	SIDE24_gap_fill/scripts/verify_cl_der_204_kimi_review.O.out.txt
b13a6784091f0ea605547e6f1149536792e395bb9ce52e159d8efd353f6f946c	19059	SIDE24_gap_fill/scripts/verify_cl_der_204_kimi_review.out.txt
9c9b9fc37425de81a17c39c62d00b4228cdeef7b86ba4dd810d796585a8972fa	6910	SIDE24_gap_fill/scripts/verify_cl_der_204_kimi_review.py
d61955815f445ce3f0d818ecbc15ff7abeec5b6cfcb1eec2e9f493f1a97af0a7	835	SIDE24_gap_fill/scripts/verify_collar_factorization.out.txt
e4d507e44999ce8f289dad4cf85ad1c5ccd4d9f1a5be2da30b889a6c95c7ef40	3243	SIDE24_gap_fill/scripts/verify_collar_factorization.py
0d6fbd221f23182e6f49f24d06360bd6965d1b72bb97185069eda913379a00d7	1000	SIDE24_gap_fill/scripts/verify_constrained_triple_contact.out.txt
47ac541c34f3cd9145c46ef122905e41bcdc4f2dbcf3665ca8196e68db301155	10675	SIDE24_gap_fill/scripts/verify_constrained_triple_contact.py
8be3f094d5bf257103902ed6c2e3118ffa293646c8c28771aecce4196c219656	1996	SIDE24_gap_fill/scripts/verify_corrected_pin_floor.out.txt
06a82d0f545bc4699432720a1ea23295b86ce86a7a129ba184dc413e31e0b4f3	3668	SIDE24_gap_fill/scripts/verify_corrected_pin_floor.py
ddd8d0cd6d358924848c85a032b7948df5384a2e6e1e610e4177286d22e0877a	5473	SIDE24_gap_fill/scripts/verify_g9_periodized_transfer_v1.O.out.txt
ddd8d0cd6d358924848c85a032b7948df5384a2e6e1e610e4177286d22e0877a	5473	SIDE24_gap_fill/scripts/verify_g9_periodized_transfer_v1.out.txt
760d27b7c08b6f5ab7e4a9fea2c13f875aa43fbe75cff8de8da818c2a4538505	9361	SIDE24_gap_fill/scripts/verify_g9_periodized_transfer_v1.py
7b357cc009b8ad4800e3374add4949bc7727f2c7093bc14491e59cdf0269a7e7	2114	SIDE24_gap_fill/scripts/verify_g9_planar_collar_v1.O.out.txt
7b357cc009b8ad4800e3374add4949bc7727f2c7093bc14491e59cdf0269a7e7	2114	SIDE24_gap_fill/scripts/verify_g9_planar_collar_v1.out.txt
013e13a867d954cc7618da0e36868884c6d3c81924c6e6e8ace7595ce179ff94	13027	SIDE24_gap_fill/scripts/verify_g9_planar_collar_v1.py
7c15a1ce590460ebe5c24621cfc5bf472da8f492bd052fe12799dd6e1493f738	3128	SIDE24_gap_fill/scripts/verify_g9_planar_collar_v2.O.out.txt
7c15a1ce590460ebe5c24621cfc5bf472da8f492bd052fe12799dd6e1493f738	3128	SIDE24_gap_fill/scripts/verify_g9_planar_collar_v2.out.txt
0b8301067f84f81da560aa06ce22274454f00198f84e8b228703ef9b6e9e03db	13048	SIDE24_gap_fill/scripts/verify_g9_planar_collar_v2.py
92216cc25f850853d97a6515833517fca7585e9fcec7321ebc36c81e0d7160a2	1491	SIDE24_gap_fill/scripts/verify_palm_soft_factors.out.txt
425d1046c858ad71ba4d923cf42fa526d2dd963ab36cf85e0f0bbdde60b20831	10338	SIDE24_gap_fill/scripts/verify_palm_soft_factors.py
e03c5e5f0009303cdbcec93edbfd28a7f6def0a0f5ed94b24bc8b02ef12ff2ef	4935	SIDE24_gap_fill/verifier/README.md
89c091e91d114db78fad4c243d2a59c48931a3d0440cdc6c12b6bc7cceeba42c	698	SIDE24_gap_fill/verifier/runs/2026-08-01_run1.md
0324959cf67416e72b40680cdb9ba0472d587a031f20a1d066507d52254b1521	2008	SIDE24_gap_fill/verifier/runs/2026-08-01_run2.md
30f3f6acc3a1bcae9f285db425eb14011426eaf62060af83fba213167c4a9764	1727	SIDE24_gap_fill/verifier/runs/2026-08-01_run3.md
b81d53c6d56fb66caecd41b559cda1406009357ec532fb4d53235c2c2de93bb8	3779	SIDE24_gap_fill/verifier/runs/2026-08-01_run4.md
d9d3bb5821d4401a04a2528211e597f91d1ce68589cffaa15295cc05833f3d25	2467	SIDE24_gap_fill/verifier/runs/2026-08-01_run5.md
c878d5e52017c6217dd22fb6ee603a8e4292acd2dfe7f753aaa8ccff5fb85760	4170	SIDE24_gap_fill/verifier/runs/2026-08-01_run6.md
9616ad510f1cd85d653742ee68cd015b100daee696ead7708b7c9367bd6ef283	2974	SIDE24_gap_fill/verifier/runs/2026-08-01_run7.md
80cd9374fa9fa3f49990e6b19a7836ee94ad2adf14deef2769966c236458fdbc	3531	SIDE24_gap_fill/verifier/runs/2026-08-01_run8.md
a73306a97500f722f4b3760222d6f990520eed4504256835ca426d91fdd441f6	4293	SIDE24_gap_fill/verifier/runs/2026-08-02_run10.md
2cc1f46f7ca0d45e4d8658a48c7f14ed43db7172d3e520261af9d322fee34675	4516	SIDE24_gap_fill/verifier/runs/2026-08-02_run11.md
36aa36542cb7b148f294e39ea30ca4e8d0335072408edd8c4d1d511ad95207f4	5071	SIDE24_gap_fill/verifier/runs/2026-08-02_run12.md
8b4e1b7ace198a3f4da48f5ed05a46f4299b9ec571d2dce596974bb98fbec74e	2833	SIDE24_gap_fill/verifier/runs/2026-08-02_run13.md
9c42aa3b10cf401c6067b785769f08f71d77371f968abc7876f74edf2bff15b8	3028	SIDE24_gap_fill/verifier/runs/2026-08-02_run14.md
68028d0827f444a7d409fcedffff59a2450bbcf7f285cc46494e98c491d3ecaa	1902	SIDE24_gap_fill/verifier/runs/2026-08-02_run15.md
8274e49b0e62e3d9e2e35b349db82703eb34f3df383508f110b3a86e8a0b9dc5	2027	SIDE24_gap_fill/verifier/runs/2026-08-02_run16.md
01f64abb7ac0afa1c5bea62e86f897dbb7520197d054dd80a495176bbaa54389	1708	SIDE24_gap_fill/verifier/runs/2026-08-02_run17.md
c4945195319d60b0bd78205f39c61a00b15b7b6399d7f459270655636d94fbfe	2064	SIDE24_gap_fill/verifier/runs/2026-08-02_run18.md
9e22e829a776771d60a47442c35b7a6124e4b31ac155d9cd7e2284582a7f4a75	1878	SIDE24_gap_fill/verifier/runs/2026-08-02_run19.md
97e7a2bdbf33c147b3f0ff55fcbc9e2ff0833b74584c7420c2d39044e5de1c72	1890	SIDE24_gap_fill/verifier/runs/2026-08-02_run20.md
c57a0035796601bc61b7960d242d7eac5fccfc612fb7539cc269d85e46dd7345	3558	SIDE24_gap_fill/verifier/runs/2026-08-02_run9.md
e5aa4856d0f62de6b3c62f7bd29d77b6ba1f5acac61ab087cad029276d81f275	1441	SIDE24_gap_fill/verifier/v1/criteria.md
9e990e055845da3007ef36596f07f3769ee8094f60f23f9b8ffcaf816f8b5ca1	1495	SIDE24_gap_fill/verifier/v1/verify.py
6b587971a016a940859309b4ef130dcfc2fe85457fd9c3a4bbd9a9b00b363bce	1607	SIDE24_gap_fill/verifier/v10/criteria.md
e1c936f760650a0dbe2c7ee39dbd2ec679f5f3e772b37468748814e2f6ec600f	1937	SIDE24_gap_fill/verifier/v10/verify.O.out.txt
e1c936f760650a0dbe2c7ee39dbd2ec679f5f3e772b37468748814e2f6ec600f	1937	SIDE24_gap_fill/verifier/v10/verify.out.txt
a5785979f4e8a8c2c42bc2d8fb9e2be6ddfa30ab45f5d4080d8939e05c30a72c	6063	SIDE24_gap_fill/verifier/v10/verify.py
2295be84f48729e4ce1d48dadef16a0ded5dbb6bc6401c14d2babc5e9f8d12de	1046	SIDE24_gap_fill/verifier/v11/criteria.md
22020151aeed2dfe06452cb6f86d95566b3c01d901a47cbeda48a190ca17a1c2	2058	SIDE24_gap_fill/verifier/v11/verify.O.out.txt
22020151aeed2dfe06452cb6f86d95566b3c01d901a47cbeda48a190ca17a1c2	2058	SIDE24_gap_fill/verifier/v11/verify.out.txt
3198660cc8a1a6fe6b7e6682a2e644fb9db1f00a0d60dd2cb378a324ba78fc3e	6267	SIDE24_gap_fill/verifier/v11/verify.py
18cf9695f3cc5641fc58243e927dd838cae38daef178798ad4087343ce9b4709	1650	SIDE24_gap_fill/verifier/v2/criteria.md
f3482d2c292906e69f079c891b837c9f6cf4e27ff74541a2d670cd16b4a20276	4233	SIDE24_gap_fill/verifier/v2/verify.py
dafc7c0d9a0efc6baf1a8ece77edbffe373e611df9c21d34a52b0adf2601229c	1773	SIDE24_gap_fill/verifier/v3/criteria.md
967144fdeaf2810068296ff9b25bf05b7276538aee0dd017db0119d56c62cd91	5282	SIDE24_gap_fill/verifier/v3/verify.py
16861460152648bedf541864cbe63353ca9f4c2cfb81c3939d7c105745b4865b	389	SIDE24_gap_fill/verifier/v4/criteria.md
8f9c54f06425c7b92b79ba6f0b10aa032cdeec2a793d5a63db616cd4834cd4d4	5835	SIDE24_gap_fill/verifier/v4/verify.py
fc16be6381e2925e2199ea2ca7053f4d899a7cc909b34a07d1279c669e15da95	2780	SIDE24_gap_fill/verifier/v5/criteria.md
3c3ceb572d279abe3895a4e3dd5f5c4eb780194268804c6aa11fb6d758d3c5ab	7704	SIDE24_gap_fill/verifier/v5/verify.py
a65063e2f88f40bfd3126b9043fcf630fc5eda53a936f21581c9748ce10bd158	2184	SIDE24_gap_fill/verifier/v6/criteria.md
236390c76df6ccc840ffcdf80a5b7b5875a7dfb15b9203308b25396f2c58709b	5642	SIDE24_gap_fill/verifier/v6/verify.py
3a95f8fe6f23cefdbe165db5a361ed3ac2a0175fecd618a06ed52d400ec98551	2215	SIDE24_gap_fill/verifier/v7/criteria.md
46317c6fd00c4fab602d5ed46d162628ab81e6f2f303aad12b755d328e2e6cc4	1307	SIDE24_gap_fill/verifier/v7/verify.O.out.txt
46317c6fd00c4fab602d5ed46d162628ab81e6f2f303aad12b755d328e2e6cc4	1307	SIDE24_gap_fill/verifier/v7/verify.out.txt
895bbfc46ae0f1946259c6853454ddf489c6628fca932e58a93ef31d784e9961	5039	SIDE24_gap_fill/verifier/v7/verify.py
9862c1f3cf73613ae8ce4975da90ff808341d096649afb5066c335674c69e6ee	1495	SIDE24_gap_fill/verifier/v8/criteria.md
dc1efe4502708d5c5bdcde48e2ec8528f127b8250474373b747a3cc9197a4e22	1676	SIDE24_gap_fill/verifier/v8/verify.O.out.txt
dc1efe4502708d5c5bdcde48e2ec8528f127b8250474373b747a3cc9197a4e22	1676	SIDE24_gap_fill/verifier/v8/verify.out.txt
c95a86504e8b62ade4bd7d20956415db2cfe95cc5897815dae3411c12af709c5	5365	SIDE24_gap_fill/verifier/v8/verify.py
5ddb5623cc8e5b7013b917f139240b0d346916144996b03df7904446d67c1a80	1685	SIDE24_gap_fill/verifier/v9/criteria.md
310136426372512e54849948e713f40441803514f3b426f46b0971b61852ed60	1934	SIDE24_gap_fill/verifier/v9/verify.O.out.txt
310136426372512e54849948e713f40441803514f3b426f46b0971b61852ed60	1934	SIDE24_gap_fill/verifier/v9/verify.out.txt
d20e6c0d621d0bdd3a6104cf808d7a8800d2104071da6255eba1a06a9489e4be	5928	SIDE24_gap_fill/verifier/v9/verify.py
2c9c883b06f34dac10ebe17a201aadf8b11dbab8987c16c43a598879a80f90b7	119558	SIDE24_v2_2026-08-01/00_READ_ME_FIRST_V2.pdf
2b69dfb327df2143b3f901d4f8b12c0ffa5f3dcfca6ba51d7eaff4d4a277ebc1	3150	SIDE24_v2_2026-08-01/01_COVER_LETTER_V2.txt
0357bd28528c5690f6c1279b9c4f4f123b03120d3db7a7cd8bb32950cdda8f73	166660	SIDE24_v2_2026-08-01/02_PRE_REVIEW_DOSSIER_V2.pdf
371e7f8a7ea1d13a269b8bcf0ae0879a48d322989668a4a37678310819c72e90	130322	SIDE24_v2_2026-08-01/03_SIDE24_MANUSCRIPT_V2.pdf
c4c50604ac672d5998ac8f490ee00642f952b432ed714d4275a8d193c63dbd5d	127076	SIDE24_v2_2026-08-01/04_TECHNICAL_APPENDIX_V2.pdf
c90bac426154cf506b0e41b8e8f6da3245720db54f752485d0cd54e489292de9	105343	SIDE24_v2_2026-08-01/05_REPRODUCTION_GUIDE_V2.pdf
8c8a4f0352b9b0512805be239aaaa219fbcf6d8bf01855d823fdc65f26f0aeb2	2575483	SIDE24_v2_2026-08-01/06_GAP_FILL_SUPPLEMENT_V2.pdf
b44c666ef769f5229e31a37d09b3e8045b3ba4b6e9caf54838285131aafcb9d8	55578	SIDE24_v2_2026-08-01/07_REVIEW_RESPONSE_FORM_V2.docx
5fc8047f3fc850fb513543ec878cfa11040a84b0ab44d0e796785de31472a766	3431	SIDE24_v2_2026-08-01/08_REFERENCES_V2.bib
3a685016dc7d059b31b94da93564f8db0083eff6d6cd03c66f314bd1d3f3c939	5211	SIDE24_v2_2026-08-01/09_PACKAGE_MANIFEST_V2.csv
aee7d1b07781530ca7271f4c678a8ac69baf6fd4b2dc1f399d3890fda46ecf55	262	SIDE24_v2_2026-08-01/10_REQUIREMENTS.txt
a89b85ed022907bd578e3c2cb08118b3fe7d134b53bd20ad82132318f3da76e9	834326	SIDE24_v2_2026-08-01/11_COMPLETE_PRE_REVIEW_PACKET_V2.pdf
1d71d93d9e9604b148c3765f44e3fe88afd609d3f3588b2a3bed27676fea3ff0	7417	SIDE24_v2_2026-08-01/CHANGE_LOG.md
db80cccaab53ab4d7fe8607906e54a4acd7fafb9fd85b4e778f4aeddb3f74fe2	3478	SIDE24_v2_2026-08-01/GAP_REGISTER_V2.md
f4de3b4f481cab3e38662baeab302133e685510607fb0bdd2d43ca75f6fa6653	6637	SIDE24_v2_2026-08-01/MANUSCRIPT_V2_INTEGRATION.md
076425fadd274962d8dc4e42eb742ac796cb0c42383531c19d8755300ee0b4a2	7515	SIDE24_v2_2026-08-01/build/00.html
3f2df007024b8be303f7b2d475e50b4eb2e4fe511da82500b3aaf95d163f23ee	112176	SIDE24_v2_2026-08-01/build/00.pdf
c96fb04ce19aa51a427873829e74e1192c76bd6ddad1045aa29a68007f5367f7	11810	SIDE24_v2_2026-08-01/build/02.html
24f86e48dfd8ee9bf044473865af10a7757ae7e1a44a0066aebabcecb9e44d06	147337	SIDE24_v2_2026-08-01/build/02.pdf
29a4de4e4d69968e38c2eeb6132fe595eaa1429aa84adef061ecd14815504372	9979	SIDE24_v2_2026-08-01/build/03.html
43f893a874593d2810f46acf35d74a6fefa8b5a8546e906671a07116643c4a24	124213	SIDE24_v2_2026-08-01/build/03.pdf
0bd12417c678260a19193b637c8883e7f32f335062eb52341fa24c4e7bc75aea	9572	SIDE24_v2_2026-08-01/build/04.html
f234dad6de9aff18e262d50fb95752981a849df1f8da26aa5a577be58f97087b	123408	SIDE24_v2_2026-08-01/build/04.pdf
1a87e5af24310b778c282550e1db03bac04b336d027678f18519eb283388c4c8	6505	SIDE24_v2_2026-08-01/build/05.html
8c9a77ae64aac5849fa36e55d1f3cf5c25823fb24f9547560f81e45af065b514	104664	SIDE24_v2_2026-08-01/build/05.pdf
b5a0742e4ff1b2b8686d1cb6c8a87ceff89e3d7d4e5707a48c190aaa53e76bfc	348240	SIDE24_v2_2026-08-01/build/06.html
949a4b526f8631b4ea815dbc1396df7b430adbe4ac9c292dca2c884bbcbfc87f	12113	SIDE24_v2_2026-08-01/build/07_form.base.docx
5e46fe91e1a843a32ab3fb65751db829c62105dcbaa14af021001e274ed2dff7	5270	SIDE24_v2_2026-08-01/build/07_form.converted.md
5e46fe91e1a843a32ab3fb65751db829c62105dcbaa14af021001e274ed2dff7	5270	SIDE24_v2_2026-08-01/build/07_form.md
b9e92a87aa8fb26bb9fb46705fe76c4dc82b8090773e153f6be7edfb37412a3b	9756	SIDE24_v2_2026-08-01/build/p02-1.png
a4ac46416b202a8ded85951c01c7e8e6dc84208609b1361351390b2d14d82d1b	39885	SIDE24_v2_2026-08-01/build/p02b-2.png
5f8171628b319d6181e438bf015f878c2772a38a1827b71392518076e0631d16	2054	SIDE24_v2_2026-08-01/build/style.css
1cdb4304f8f88ffbde2fb4012688d778889ed1922593895b67788e0f74ff1437	349295	SIDE24_v2_2026-08-01/build/supp_body.html
4cae0da821a3556317631ec3f30d29ad4e7f675f43cc75d9647fb23a0a017c6a	130	SIDE24_v2_2026-08-01/build/t2.html
1a873cf24a2e53ff34dfafcb4af7c56b04c4c02b12db5e2a330e6b465e02a60e	113	SIDE24_v2_2026-08-01/build/t3.css
ec067c3eea6ba7256d6859a89af0c02dc1aba36605516a0d4b781b0fa2acf8b2	127	SIDE24_v2_2026-08-01/build/t3.html
743ff593e679cdd6048d96f28e7fd91a6c449422bf8fba3ecbf70ea983be53f5	28	SIDE24_v2_2026-08-01/build/t4.css
8da10c857a096f718d3c7aa37f9e85509e2dd10cdd6d9c1c6d609799e061dd64	127	SIDE24_v2_2026-08-01/build/t4.html
829fb0a8933ea9ac96dfa9dc613349ed73f9cd5ad91592d50f8bd5310ff88768	14	SIDE24_v2_2026-08-01/build/t5.css
506416025b6e6f3c00787dc063f76b137fd6778fe60ef47ebd86cb70e62c94ac	127	SIDE24_v2_2026-08-01/build/t5.html
3bb292b97dc60cbb6edf90366e2de8d8f595d57e4c29561887cc465d63f47c40	20	SIDE24_v2_2026-08-01/build/t6.css
b528e9da498870861708fa44bbb0e785af37e3d961a8960f2f543e65d610ff6e	127	SIDE24_v2_2026-08-01/build/t6.html
203f2877906f0ee7989f220582e9db5376ce796157494c9ff7b58e616858bbf4	104315	SIDE24_v3_2026-08-01/00_READ_ME_FIRST_V3.pdf
448899109e4eccabcbb83220d7a4d49e5bce6e802a2f3f1af16efde0a771e3fb	2504	SIDE24_v3_2026-08-01/01_COVER_LETTER_V3.txt
d95c117073594dd1effad2279a6480634e6ebf26b9b19a292dc64291744e199f	137001	SIDE24_v3_2026-08-01/02_STATUS_DOSSIER_V3.pdf
ddeb1b6823865122f35c67d863384100ebb27e615cfc1ba5f06fd4f7e28970a7	3293231	SIDE24_v3_2026-08-01/06_SUPPLEMENT_V3.pdf
f1c686e5b5a7e13c329b01d7f7e1fd6e251c6fb6c24fe066e24c1dc18d7dfcb6	4533	SIDE24_v3_2026-08-01/09_PACKAGE_MANIFEST_V3.csv
64a68dd68833ace0f0fb0232f695b86d23cd99ffbdb1a18b125a8a1a24bae4c0	3905	SIDE24_v3_2026-08-01/CHANGE_LOG_V3.md
ed74de8d6cc1658868f0c4cf5692e58177ae4fadd7bd57739f166a98277635cb	4688	SIDE24_v3_2026-08-01/GAP_REGISTER_V3.md
12f42210a8bf0528c05f766fed67865794cd8b6f4c194cc42ff6cac23c14d1de	5155	SIDE24_v3_2026-08-01/build/00.html
d9ddf24b662bd4bd30cb74bbd275072295e6993b291375b66ebc6b3e0e5e1864	7802	SIDE24_v3_2026-08-01/build/02.html
2c8cfd370c53877c8bbf30b028d2a5ce9abe2c85d27de0fc0d71a103e53aae4c	450411	SIDE24_v3_2026-08-01/build/06.html
20c4c03051a905da60c2e9621869f19ede9628b85cebd92aee516428710de10d	451011	SIDE24_v3_2026-08-01/build/supp_body.html
d23206ea1307f4ab251111af8c5a9d5e0ddbd86706742838887607697a6ed1d9	85611	SIDE24_v4_2026-08-01/00_READ_ME_FIRST_V4.pdf
c8667b23dba293b9c588784932574fbb5793e43c4df960ad3092baeaeaf6d54f	3787	SIDE24_v4_2026-08-01/01_COVER_LETTER_V4.txt
274ac3961af99c02ee7ca378955c4d20a596ce7d8b95d939dc1df33848bbb4ed	94309	SIDE24_v4_2026-08-01/02_STATUS_DOSSIER_V4.pdf
1090fdca8e4b90927bc8c65054bf29d661e79daf2bad1e80360cb5439e4d06f2	150344	SIDE24_v4_2026-08-01/05_V3_CORRECTIVE_ADDENDUM.pdf
029aa40af2cad4da7f2677e58480b767dc3425e6fde542703a76fb054ec28281	3829665	SIDE24_v4_2026-08-01/06_SUPPLEMENT_V4.pdf
d6d3e6937f4cf884b7bcadb160d5207a596bd746e5295a128ba4b2970dd03ca6	14214	SIDE24_v4_2026-08-01/09_PACKAGE_MANIFEST_V4.csv
331a4f06e40b8adae72e3fa79bdf103378541a333aa4787eb541343a63c4d40c	4032	SIDE24_v4_2026-08-01/CHANGE_LOG_V4.md
a6ff8b3fe951bb82c54b9047fb09ae5a13652489391901062ff7767aa4bed8ba	3997	SIDE24_v4_2026-08-01/GAP_REGISTER_V4.md
4c921b94ff8ad13f1816abda0f98f81c2cf6c1c20587121610a915db83a34256	7992	SIDE24_v4_2026-08-01/build/00.html
2215cd90007d53f67bf0f17821f27fb7729e00c0c21e5ec2f68d5484c5f3d8a3	7969	SIDE24_v4_2026-08-01/build/02.html
1aa72a09ee0a98dc4df7f8987f91a6ada688172c1379493c6659bf370f4c5196	556309	SIDE24_v4_2026-08-01/build/06.html
5bc91cd490a47804a72ca980ac4818adb1c0f6706c816c24e50d1004d3a079ba	554523	SIDE24_v4_2026-08-01/build/supp_body.html
86346f7647764229cfe4d9ffdb533ffd096dd68ef15d8035e7da8156f2f1c578	68535	SIDE24_v5_2026-08-02/00_READ_ME_FIRST_V5.pdf
d2a2eb4efb46de44333c715ae38c49ad152e55a7137ca9c628f26148ecaf609d	4518993	SIDE24_v5_2026-08-02/06_SUPPLEMENT_V5.pdf
a6330be7d6dd2da09e758c24063b0b6c08e77b120ba219e87714596cfaf13c0d	23697	SIDE24_v5_2026-08-02/09_PACKAGE_MANIFEST_V5.csv
4e9b64d78bf3b69aee6532d06c40a25411bcf0a746f591b4d1c160c3171ba5dc	1296	SIDE24_v5_2026-08-02/10_EXTERNAL_SOURCES_UNVERIFIED.txt
c9a99f3ae77e0df508aa9172b02fedd95ddb2fdfe6e1d7513e7936ccee3fdcbd	2431	SIDE24_v5_2026-08-02/CHANGE_LOG_V5.md
055bca23bb0cccae0f9d8a82f4bd4700aaace751c417f5ac37f2c0dc0bdbc662	2249	SIDE24_v5_2026-08-02/GAP_REGISTER_V5.md
bba360d54755676514a9abf167983fe47032eee759d5d20a1bce0a9bb88f9ba5	5845	SIDE24_v5_2026-08-02/build/00.html
56222e7dcdac97d9f0bb8ad934b10d1cd8d423dd64fa00eab6768487e9f3d5f7	657598	SIDE24_v5_2026-08-02/build/06.html
1fe73f057aacbd3e6a5c1da621ff3fdfbc3329bc80ce0c251b7cc8edcdaca601	655812	SIDE24_v5_2026-08-02/build/supp_body.html
