Type,Source or block,Original link,Readable copies,Details,SHA-256
EMPTY_NATIVE_BODY,LS-DATA-015-v1.0-R2 — Corrected Hex-Gzip TB-G2 Algebra Result Capsule,https://docs.google.com/document/d/1I2Rl8vBAfoHa5-hF5aDJQCbG_N2R_J-HrQiKrc6LmA4/edit?usp=drivesdk,,Fresh Google Docs structural read confirms only an empty paragraph. No content reconstructed.,
EMPTY_NATIVE_BODY,LS-DATA-015-v1.0-R1 — Corrected Byte-Exact TB-G2 Algebra Result Capsule,https://docs.google.com/document/d/1IWB1hw1VnxNlqSDs5_AnIr3QT2cQ_iXIKvQ7vz-7azs/edit?usp=drivesdk,,Fresh Google Docs structural read confirms only an empty paragraph. No content reconstructed.,
EMPTY_NATIVE_BODY,LS-DATA-015-v1.0-R1 — Corrected Byte-Exact TB-G2 Algebra Companion Capsule,https://docs.google.com/document/d/1C_ca_CE8kc2DyCsBtufIVgPmqvKKILJ68Qi0WOau3lo/edit?usp=drivesdk,,Fresh Google Docs structural read confirms only an empty paragraph. No content reconstructed.,
EMPTY_NATIVE_BODY,LS-DATA-013-v1.0 — Byte-Exact Gzip Capsule Package — q0 Verifier 1.2.1 Hardening,https://docs.google.com/document/d/1q7coeCo2lbh11MUu6dF4VJYVoQnIZix1tiY1kKY1rT4/edit?usp=drivesdk,,Fresh Google Docs structural read confirms only an empty paragraph. No content reconstructed.,
EMPTY_NATIVE_BODY,GP-FOR-192-ZIP-CARRIER-v1.0 — Byte-Recoverable Formal Source Package,https://docs.google.com/document/d/17jn42CVS8P3qWemAsRtbm6Hp9QwpI9ac_z5UEmZvIn4/edit?usp=drivesdk,,Fresh Google Docs structural read confirms only an empty paragraph. No content reconstructed.,
EMPTY_NATIVE_BODY,FAILED STAGING — GP-REQ-086-v1.0 Stall-Resolution Protocol (Empty Body; Do Not Use),https://docs.google.com/document/d/18R7zquLSlUtFG6w85VuUYEutH5O4gJ2I_pjkX4yntJ4/edit?usp=drivesdk,,Fresh Google Docs structural read confirms only an empty paragraph. No content reconstructed.,
EMPTY_NATIVE_BODY,GP-AUD-039-v1.0 — Independent re-execution of the exact finite-r six-pin midpoint nine-jet law,https://docs.google.com/document/d/1rAJLbnWw72SpgxBD_3i_dE1XorJ6Pmb-wBOl-vbkwcQ/edit?usp=drivesdk,,Fresh Google Docs structural read confirms only an empty paragraph. No content reconstructed.,
EMPTY_NATIVE_BODY,GP-AUD-231-v1.0 — Same-Line Merge and Structural Preflight of GP-DER-118-v1.6 / GP-DATA-228,https://docs.google.com/document/d/1M5leN4Yqy_teLTUxlNJAlSk-_t_ERnXPVcv-QcOdhLo/edit?usp=drivesdk,,Fresh Google Docs structural read confirms only an empty paragraph. No content reconstructed.,
READ_FAILED,SIDE24_AUDIT_EVIDENCE_2026-08-01.zip,https://drive.google.com/file/d/19GhKdHaQGdQin_HxMTUh-Z6qM9rUF9xV/view?usp=drivesdk,"https://docs.google.com/document/d/1bivh5BWHk_wvOd8IEGyQzAq2XtTiLai1D-r5viqnCtw/edit?usp=drivesdk
https://docs.google.com/document/d/1pYIdeCyVnxjZIpaBknSON6a-1c06iuTy8jXybgLBZb4/edit?usp=drivesdk
https://docs.google.com/document/d/1bavlks_8e0yRMUc20P1L_WbDWje9dR_RG4JhlpUcNX4/edit?usp=drivesdk
https://docs.google.com/document/d/1we611GFhAUX0pbieszkhm523YKf1Be_juPK4Zw158no/edit?usp=drivesdk
https://docs.google.com/document/d/17sBDGAEoBKltKpcH96zf_e3WafJVFmYoB2Wkop3f4kw/edit?usp=drivesdk
https://docs.google.com/document/d/1oQYF8ZEhEE6UppPsC9gojpxIvxSOtTPTeQcRLUp1pXY/edit?usp=drivesdk
https://docs.google.com/document/d/1hl4C9pPyittYbido24JeBvEfTCrf0oy6mNm1BSwSaVU/edit?usp=drivesdk
https://docs.google.com/document/d/1dsjOERBMD4NLpUV2rzO0pytyptK-W32gQ3GuorRNw7o/edit?usp=drivesdk
https://docs.google.com/document/d/1FZZIKB0Kggoas_kr_tUSn7qP56qqnBBKHvdm9pH1YYI/edit?usp=drivesdk
https://docs.google.com/document/d/1XjCiIYfdWW0GdroHK9sz5T2IOkNoiXNMlTeiEYNgTOk/edit?usp=drivesdk
https://docs.google.com/document/d/1E1JdWte8S29trQSxcdf15Qa3Zej9Q84cxmbMrwKkobQ/edit?usp=drivesdk
https://docs.google.com/document/d/170awt4ng_cfsjU5bNiB0kyZCKWbQ8eJ25ri8EaLu4Ic/edit?usp=drivesdk",Bad magic number for file header,
READ_FAILED,SIDE24_AUDIT_EVIDENCE_2026-08-01.zip,https://drive.google.com/file/d/19GhKdHaQGdQin_HxMTUh-Z6qM9rUF9xV/view?usp=drivesdk,"https://docs.google.com/document/d/1bivh5BWHk_wvOd8IEGyQzAq2XtTiLai1D-r5viqnCtw/edit?usp=drivesdk
https://docs.google.com/document/d/1pYIdeCyVnxjZIpaBknSON6a-1c06iuTy8jXybgLBZb4/edit?usp=drivesdk
https://docs.google.com/document/d/1bavlks_8e0yRMUc20P1L_WbDWje9dR_RG4JhlpUcNX4/edit?usp=drivesdk
https://docs.google.com/document/d/1we611GFhAUX0pbieszkhm523YKf1Be_juPK4Zw158no/edit?usp=drivesdk
https://docs.google.com/document/d/17sBDGAEoBKltKpcH96zf_e3WafJVFmYoB2Wkop3f4kw/edit?usp=drivesdk
https://docs.google.com/document/d/1oQYF8ZEhEE6UppPsC9gojpxIvxSOtTPTeQcRLUp1pXY/edit?usp=drivesdk
https://docs.google.com/document/d/1hl4C9pPyittYbido24JeBvEfTCrf0oy6mNm1BSwSaVU/edit?usp=drivesdk
https://docs.google.com/document/d/1dsjOERBMD4NLpUV2rzO0pytyptK-W32gQ3GuorRNw7o/edit?usp=drivesdk
https://docs.google.com/document/d/1FZZIKB0Kggoas_kr_tUSn7qP56qqnBBKHvdm9pH1YYI/edit?usp=drivesdk
https://docs.google.com/document/d/1XjCiIYfdWW0GdroHK9sz5T2IOkNoiXNMlTeiEYNgTOk/edit?usp=drivesdk
https://docs.google.com/document/d/1E1JdWte8S29trQSxcdf15Qa3Zej9Q84cxmbMrwKkobQ/edit?usp=drivesdk
https://docs.google.com/document/d/170awt4ng_cfsjU5bNiB0kyZCKWbQ8eJ25ri8EaLu4Ic/edit?usp=drivesdk",Bad magic number for file header,
READ_FAILED,SIDE24_AUDIT_EVIDENCE_2026-08-01.zip,https://drive.google.com/file/d/19GhKdHaQGdQin_HxMTUh-Z6qM9rUF9xV/view?usp=drivesdk,"https://docs.google.com/document/d/1bivh5BWHk_wvOd8IEGyQzAq2XtTiLai1D-r5viqnCtw/edit?usp=drivesdk
https://docs.google.com/document/d/1pYIdeCyVnxjZIpaBknSON6a-1c06iuTy8jXybgLBZb4/edit?usp=drivesdk
https://docs.google.com/document/d/1bavlks_8e0yRMUc20P1L_WbDWje9dR_RG4JhlpUcNX4/edit?usp=drivesdk
https://docs.google.com/document/d/1we611GFhAUX0pbieszkhm523YKf1Be_juPK4Zw158no/edit?usp=drivesdk
https://docs.google.com/document/d/17sBDGAEoBKltKpcH96zf_e3WafJVFmYoB2Wkop3f4kw/edit?usp=drivesdk
https://docs.google.com/document/d/1oQYF8ZEhEE6UppPsC9gojpxIvxSOtTPTeQcRLUp1pXY/edit?usp=drivesdk
https://docs.google.com/document/d/1hl4C9pPyittYbido24JeBvEfTCrf0oy6mNm1BSwSaVU/edit?usp=drivesdk
https://docs.google.com/document/d/1dsjOERBMD4NLpUV2rzO0pytyptK-W32gQ3GuorRNw7o/edit?usp=drivesdk
https://docs.google.com/document/d/1FZZIKB0Kggoas_kr_tUSn7qP56qqnBBKHvdm9pH1YYI/edit?usp=drivesdk
https://docs.google.com/document/d/1XjCiIYfdWW0GdroHK9sz5T2IOkNoiXNMlTeiEYNgTOk/edit?usp=drivesdk
https://docs.google.com/document/d/1E1JdWte8S29trQSxcdf15Qa3Zej9Q84cxmbMrwKkobQ/edit?usp=drivesdk
https://docs.google.com/document/d/170awt4ng_cfsjU5bNiB0kyZCKWbQ8eJ25ri8EaLu4Ic/edit?usp=drivesdk",Bad magic number for file header,
READ_FAILED,SIDE24_AUDIT_EVIDENCE_2026-08-01.zip,https://drive.google.com/file/d/19GhKdHaQGdQin_HxMTUh-Z6qM9rUF9xV/view?usp=drivesdk,"https://docs.google.com/document/d/1bivh5BWHk_wvOd8IEGyQzAq2XtTiLai1D-r5viqnCtw/edit?usp=drivesdk
https://docs.google.com/document/d/1pYIdeCyVnxjZIpaBknSON6a-1c06iuTy8jXybgLBZb4/edit?usp=drivesdk
https://docs.google.com/document/d/1bavlks_8e0yRMUc20P1L_WbDWje9dR_RG4JhlpUcNX4/edit?usp=drivesdk
https://docs.google.com/document/d/1we611GFhAUX0pbieszkhm523YKf1Be_juPK4Zw158no/edit?usp=drivesdk
https://docs.google.com/document/d/17sBDGAEoBKltKpcH96zf_e3WafJVFmYoB2Wkop3f4kw/edit?usp=drivesdk
https://docs.google.com/document/d/1oQYF8ZEhEE6UppPsC9gojpxIvxSOtTPTeQcRLUp1pXY/edit?usp=drivesdk
https://docs.google.com/document/d/1hl4C9pPyittYbido24JeBvEfTCrf0oy6mNm1BSwSaVU/edit?usp=drivesdk
https://docs.google.com/document/d/1dsjOERBMD4NLpUV2rzO0pytyptK-W32gQ3GuorRNw7o/edit?usp=drivesdk
https://docs.google.com/document/d/1FZZIKB0Kggoas_kr_tUSn7qP56qqnBBKHvdm9pH1YYI/edit?usp=drivesdk
https://docs.google.com/document/d/1XjCiIYfdWW0GdroHK9sz5T2IOkNoiXNMlTeiEYNgTOk/edit?usp=drivesdk
https://docs.google.com/document/d/1E1JdWte8S29trQSxcdf15Qa3Zej9Q84cxmbMrwKkobQ/edit?usp=drivesdk
https://docs.google.com/document/d/170awt4ng_cfsjU5bNiB0kyZCKWbQ8eJ25ri8EaLu4Ic/edit?usp=drivesdk",Bad magic number for file header,
READ_FAILED,SIDE24_AUDIT_EVIDENCE_2026-08-01.zip,https://drive.google.com/file/d/19GhKdHaQGdQin_HxMTUh-Z6qM9rUF9xV/view?usp=drivesdk,"https://docs.google.com/document/d/1bivh5BWHk_wvOd8IEGyQzAq2XtTiLai1D-r5viqnCtw/edit?usp=drivesdk
https://docs.google.com/document/d/1pYIdeCyVnxjZIpaBknSON6a-1c06iuTy8jXybgLBZb4/edit?usp=drivesdk
https://docs.google.com/document/d/1bavlks_8e0yRMUc20P1L_WbDWje9dR_RG4JhlpUcNX4/edit?usp=drivesdk
https://docs.google.com/document/d/1we611GFhAUX0pbieszkhm523YKf1Be_juPK4Zw158no/edit?usp=drivesdk
https://docs.google.com/document/d/17sBDGAEoBKltKpcH96zf_e3WafJVFmYoB2Wkop3f4kw/edit?usp=drivesdk
https://docs.google.com/document/d/1oQYF8ZEhEE6UppPsC9gojpxIvxSOtTPTeQcRLUp1pXY/edit?usp=drivesdk
https://docs.google.com/document/d/1hl4C9pPyittYbido24JeBvEfTCrf0oy6mNm1BSwSaVU/edit?usp=drivesdk
https://docs.google.com/document/d/1dsjOERBMD4NLpUV2rzO0pytyptK-W32gQ3GuorRNw7o/edit?usp=drivesdk
https://docs.google.com/document/d/1FZZIKB0Kggoas_kr_tUSn7qP56qqnBBKHvdm9pH1YYI/edit?usp=drivesdk
https://docs.google.com/document/d/1XjCiIYfdWW0GdroHK9sz5T2IOkNoiXNMlTeiEYNgTOk/edit?usp=drivesdk
https://docs.google.com/document/d/1E1JdWte8S29trQSxcdf15Qa3Zej9Q84cxmbMrwKkobQ/edit?usp=drivesdk
https://docs.google.com/document/d/170awt4ng_cfsjU5bNiB0kyZCKWbQ8eJ25ri8EaLu4Ic/edit?usp=drivesdk",Error -3 while decompressing data: invalid distances set,
BINARY_UNRENDERED,HISTORICAL_FAILED_UPLOAD — S2-DATA-002 result ZIP mislabeled as application-json,,,Original retained. No text representation claimed.,d89ea02f14bc5109d2f3e604e0639fd1ffd9cc6c6e337c00fa59ef36aee0643d
ARCHIVE_READ_FAILURE,"CL-DATA-246-v1.0 RAW — cl_der_239_verify.py.gz — verification harness for CL-DER-239 (frame-free conditional-mean bound) — gunzip yields 10636 B, raw sha256 54f2e9ab11739dcfc9eed965efed6346471aba89b1210270d4be465d98bdb336 (gzip 4511 B sha256 a01f0ec041f58892ef0d4071ddd3f44b21867e23d36e461566d1320b18ee7af4) — frozen 2026-07-25T22:27:24Z — extraction rule: base64-decode the upload, gunzip, no further normalization; the raw bytes ARE the artifact",https://drive.google.com/file/d/1O9bnQyIGVPaV-64cDkCnRcGT4JPfegIc/view?usp=drivesdk,,Error -3 while decompressing data: invalid literal/lengths set,1496e85b700967f82643c3c32ab2453b95a4657124234cf1fc66226084e39e48
ARCHIVE_READ_FAILURE,"CL-DATA-251-v1.0 RAW — cl_dq001_verifier.py.gz — DQ-001 independent exact-rational verifier source — gunzip yields 46563 B, raw sha256 80a41a09cd8afc22167ee0deb37447b2b0fd74c553b1c12f18a7d705ff0d4df9 (gzip 14943 B sha256 0fb9801c424145c5bcd52da552b667e1c0a1bea6a663b96aae779493d52685da) — frozen 2026-07-25T22:00:16Z — RENUMBERED from the mislabelled upload id 1nYmPzBVTmf_gq18R-KFU9Z_SfXOLoXfM (index 234 was concurrently taken by CL-AUD-234 DQ-006); byte-identical, hashes unchanged",https://drive.google.com/file/d/16cpohKeoTe_fznXDEoYxl6w6KIAwVOg1/view?usp=drivesdk,,CRC check failed 0xedf56296 != 0x163795f5,71a1ad93889b9f360d2f237c4926351a779acec29f183ac5bde6d061e0f2b9e1
ARCHIVE_READ_FAILURE,"CL-AUD-084 RAW — cl_result.json.gz (v1.0 result, REPLACES the corrupt 5814-byte plain-json upload id 1YPCGXTgn1r1OSeb33bhEUHNVpgD8XJwq, which is VOID — transport error) — gunzip yields 5815B, raw sha256 1fa61b5196cd76d273cb30fa60daab34fb66ab784ce4f9db2991e82011a5b6bc (gzip 1915B sha256 18bcf3be733922eea919805db518a4e760ce95fdd65c29282e2ce65a8d8d8353)",https://drive.google.com/file/d/1vcQ8sc95ZiWv3OxEN3xBEe5Bkd_xYa8S/view?usp=drivesdk,,Error -3 while decompressing data: invalid distance too far back,21770f66277a5beee738a8b313edcf328c2cbd6825dc14e72720eb7bf2f874c9
ENCODED_BLOCK_FAILURE,LS-DATA-009-v1.1 — Corrected Explicit Normalizer Upper Certificate Result Receipt,https://docs.google.com/document/d/11Iw2Y9oKFbmACk_u4EiLZ-jnJlef5yr0hlMr3JgEae4/edit?usp=drivesdk,https://docs.google.com/document/d/1ysQF8H7aHueyqnwW7LfR-6e2BdxrOwfR3HgZL8P_rSg/edit?usp=drivesdk,BEGIN_FULL_RESULT_BASE64_V2_CHUNK_1: Only base64 data is allowed,
ENCODED_BLOCK_FAILURE,LS-DATA-009-v1.1 — Corrected Explicit Normalizer Upper Certificate Result Receipt,https://docs.google.com/document/d/11Iw2Y9oKFbmACk_u4EiLZ-jnJlef5yr0hlMr3JgEae4/edit?usp=drivesdk,https://docs.google.com/document/d/1ysQF8H7aHueyqnwW7LfR-6e2BdxrOwfR3HgZL8P_rSg/edit?usp=drivesdk,BEGIN_FULL_RESULT_BASE64_V2_CHUNK_2: Only base64 data is allowed,
ENCODED_BLOCK_FAILURE,LS-DATA-009-v1.1 — Corrected Explicit Normalizer Upper Certificate Result Receipt,https://docs.google.com/document/d/11Iw2Y9oKFbmACk_u4EiLZ-jnJlef5yr0hlMr3JgEae4/edit?usp=drivesdk,https://docs.google.com/document/d/1ysQF8H7aHueyqnwW7LfR-6e2BdxrOwfR3HgZL8P_rSg/edit?usp=drivesdk,BEGIN_FULL_RESULT_BASE64_V2_CHUNK_3: Only base64 data is allowed,
ENCODED_BLOCK_FAILURE,LS-DATA-009-v1.1 — Corrected Explicit Normalizer Upper Certificate Result Receipt,https://docs.google.com/document/d/11Iw2Y9oKFbmACk_u4EiLZ-jnJlef5yr0hlMr3JgEae4/edit?usp=drivesdk,https://docs.google.com/document/d/1ysQF8H7aHueyqnwW7LfR-6e2BdxrOwfR3HgZL8P_rSg/edit?usp=drivesdk,BEGIN_FULL_RESULT_BASE64_V2_CHUNK_4: Only base64 data is allowed,
ENCODED_BLOCK_FAILURE,LS-DATA-009-v1.1 — Corrected Explicit Normalizer Upper Certificate Result Receipt,https://docs.google.com/document/d/11Iw2Y9oKFbmACk_u4EiLZ-jnJlef5yr0hlMr3JgEae4/edit?usp=drivesdk,https://docs.google.com/document/d/1ysQF8H7aHueyqnwW7LfR-6e2BdxrOwfR3HgZL8P_rSg/edit?usp=drivesdk,BEGIN_FULL_RESULT_BASE64_V3_CHUNK_1A: Only base64 data is allowed,
ENCODED_BLOCK_FAILURE,LS-DATA-009-v1.1 — Corrected Explicit Normalizer Upper Certificate Result Receipt,https://docs.google.com/document/d/11Iw2Y9oKFbmACk_u4EiLZ-jnJlef5yr0hlMr3JgEae4/edit?usp=drivesdk,https://docs.google.com/document/d/1ysQF8H7aHueyqnwW7LfR-6e2BdxrOwfR3HgZL8P_rSg/edit?usp=drivesdk,BEGIN_FULL_RESULT_BASE64_V3_CHUNK_1B: Only base64 data is allowed,
ENCODED_BLOCK_FAILURE,LS-DATA-009-v1.1 — Corrected Explicit Normalizer Upper Certificate Result Receipt,https://docs.google.com/document/d/11Iw2Y9oKFbmACk_u4EiLZ-jnJlef5yr0hlMr3JgEae4/edit?usp=drivesdk,https://docs.google.com/document/d/1ysQF8H7aHueyqnwW7LfR-6e2BdxrOwfR3HgZL8P_rSg/edit?usp=drivesdk,BEGIN_FULL_RESULT_BASE64_V3_CHUNK_1C: Only base64 data is allowed,
ENCODED_BLOCK_FAILURE,LS-DATA-009-v1.1 — Corrected Explicit Normalizer Upper Certificate Result Receipt,https://docs.google.com/document/d/11Iw2Y9oKFbmACk_u4EiLZ-jnJlef5yr0hlMr3JgEae4/edit?usp=drivesdk,https://docs.google.com/document/d/1ysQF8H7aHueyqnwW7LfR-6e2BdxrOwfR3HgZL8P_rSg/edit?usp=drivesdk,BEGIN_FULL_RESULT_BASE64_V3_CHUNK_1D: Only base64 data is allowed,
ENCODED_BLOCK_FAILURE,LS-DATA-009-v1.1 — Corrected Explicit Normalizer Upper Certificate Result Receipt,https://docs.google.com/document/d/11Iw2Y9oKFbmACk_u4EiLZ-jnJlef5yr0hlMr3JgEae4/edit?usp=drivesdk,https://docs.google.com/document/d/1ysQF8H7aHueyqnwW7LfR-6e2BdxrOwfR3HgZL8P_rSg/edit?usp=drivesdk,BEGIN_FULL_RESULT_BASE64_V4_CHUNK_1D_A: Only base64 data is allowed,
ENCODED_BLOCK_FAILURE,LS-DATA-009-v1.1 — Corrected Explicit Normalizer Upper Certificate Result Receipt,https://docs.google.com/document/d/11Iw2Y9oKFbmACk_u4EiLZ-jnJlef5yr0hlMr3JgEae4/edit?usp=drivesdk,https://docs.google.com/document/d/1ysQF8H7aHueyqnwW7LfR-6e2BdxrOwfR3HgZL8P_rSg/edit?usp=drivesdk,BEGIN_FULL_RESULT_BASE64_V4_CHUNK_1D_B: Only base64 data is allowed,
ENCODED_BLOCK_FAILURE,MALFORMED PAYLOAD — LS-DATA-015-v1.0 TB-G2 Algebra Capsule — DO NOT USE,https://docs.google.com/document/d/1jCJcC_dCgNSi6oYJOR9IGI5r49a2aa-qKZLvOInxRRI/edit?usp=drivesdk,,BEGIN_GZIP_BASE64_FILE_1: Excess padding not allowed,
ENCODED_BLOCK_FAILURE,MALFORMED PAYLOAD — LS-DATA-015-v1.0 TB-G2 Algebra Capsule — DO NOT USE,https://docs.google.com/document/d/1jCJcC_dCgNSi6oYJOR9IGI5r49a2aa-qKZLvOInxRRI/edit?usp=drivesdk,,BEGIN_GZIP_BASE64_FILE_2: Incorrect padding,
ENCODED_BLOCK_FAILURE,GP-DATA-114-v1.0 — Byte-Exact Capsule for the Uniform-r Fixed-q Degree-Four Corridor Box,https://docs.google.com/document/d/18auUSnBQ5273Scv-hvjx7zc6-TxQC2078EtkID27eRw/edit?usp=drivesdk,https://docs.google.com/document/d/1RaTFvjw_IcIESI7tEe5_lRiiP16fMTeytcTO9IP0Kbg/edit?usp=drivesdk,BEGIN_SOURCE_GZIP_BASE64: Error -3 while decompressing data: invalid code lengths set,
ENCODED_BLOCK_FAILURE,CL-AUD-084-v1.0 — Blinded Source-Independent EC-019 T2 Clean-Room Verdict — T2 PASS (19/19 margins rigorously positive; 5/5 controls executed and fire; 9/9 zero-radius mutations rejected; hashes frozen pre-comparison; byte-exact source capsule embedded),https://docs.google.com/document/d/1fPcQVK8ELz3uSbbJG6RyJtiexLNo_9waTgZgDWiX-R8/edit?usp=drivesdk,,BEGIN_RESULT_GZIP_BASE64: Error -3 while decompressing data: invalid distance too far back,
ENCODED_BLOCK_FAILURE,MALFORMED PAYLOAD — manifest.json — TRC-EC020-v0.1 — BASE64 DECODE FAIL — DO NOT USE,https://docs.google.com/document/d/1WZCCDl5Zg2VnACD_ObC11MY2x9gbm0yVcry0Z4mVXvc/edit?usp=drivesdk,,BEGIN_MANIFEST_BASE64: Invalid base64-encoded string: number of data characters (20849) cannot be 1 more than a multiple of 4,
COMPILED_CACHE_RETAINED,K3_SIDE24_LB/W6_uniform_r/__pycache__/w6_analysis.cpython-312.opt-1.pyc,,,Python bytecode cache. Source scripts are separately indexed; archive retained.,bb36f7540745e64a35f1439c3135ad4b90bdcc59ed14a827230c69a27c25cefa
COMPILED_CACHE_RETAINED,K3_SIDE24_LB/W6_uniform_r/__pycache__/w6_cs.cpython-312.pyc,,,Python bytecode cache. Source scripts are separately indexed; archive retained.,ce43d0445f07c1c24506f1a922b98f0fefbdcc4ca5f27c65cbd346a17406a479
COMPILED_CACHE_RETAINED,K3_SIDE24_LB/W6_uniform_r/__pycache__/w6_fullzone.cpython-312.opt-1.pyc,,,Python bytecode cache. Source scripts are separately indexed; archive retained.,134a4e059f8fdd2dc349b71c6997a7eda27035fbd0d6c4e0cc674de11895c8a6
COMPILED_CACHE_RETAINED,K3_SIDE24_LB/W6_uniform_r/__pycache__/w6_kernel.cpython-312.opt-1.pyc,,,Python bytecode cache. Source scripts are separately indexed; archive retained.,9467abc03c117d4a10cc4789ada808c52bdd464a3505220b05953bb73123688b
COMPILED_CACHE_RETAINED,K3_SIDE24_LB/W6_uniform_r/__pycache__/w6_rho.cpython-312.opt-1.pyc,,,Python bytecode cache. Source scripts are separately indexed; archive retained.,47fc6d977d079589cb7d0f17c8bda620be1871797454e6ad633db5ce69809b79
COMPILED_CACHE_RETAINED,K3_SIDE24_LB/W6_uniform_r/__pycache__/w6_rhofast.cpython-312.opt-1.pyc,,,Python bytecode cache. Source scripts are separately indexed; archive retained.,5e9e2479c1497736c3885857651d94b01bb6f41a100f0706868bb6d4316a3933
COMPILED_CACHE_RETAINED,K3_SIDE24_LB/W6_uniform_r/__pycache__/w6_zone.cpython-312.opt-1.pyc,,,Python bytecode cache. Source scripts are separately indexed; archive retained.,53014fd3895e2124585c0f5e31e99cd9bb739ef74cafb3474856a06e628c53f9
COMPILED_CACHE_RETAINED,K3_SIDE24_LB/W3_numerics/__pycache__/w3_cert.cpython-312.opt-1.pyc,,,Python bytecode cache. Source scripts are separately indexed; archive retained.,0b0dfbfce9a5fd092b59459f683b57049fce8cf948db650b78760331760604af
COMPILED_CACHE_RETAINED,K3_SIDE24_LB/W3_numerics/__pycache__/w3_cert.cpython-312.pyc,,,Python bytecode cache. Source scripts are separately indexed; archive retained.,01dfe4e59c43bdc1945fe5f6949fd6923f8c8153d250024a737f7c9a9111ea14
COMPILED_CACHE_RETAINED,K3_SIDE24_LB/W3_numerics/__pycache__/w3_lower.cpython-312.opt-1.pyc,,,Python bytecode cache. Source scripts are separately indexed; archive retained.,6492c67a6feb422ed99dcc5bb7cb9461ebdaa7dc39574b43f71d833bbc6e3527
COMPILED_CACHE_RETAINED,K3_SIDE24_LB/W3_numerics/__pycache__/w3_proto.cpython-312.pyc,,,Python bytecode cache. Source scripts are separately indexed; archive retained.,685440d4080732959b651a872ed5b96b383cfa574c73ed3ebdf4353f36a35b73
COMPILED_CACHE_RETAINED,K3_SIDE24_LB/W3_numerics/__pycache__/w3_scan.cpython-312.pyc,,,Python bytecode cache. Source scripts are separately indexed; archive retained.,bb9adc5a6a14b57dd52af5b07a541e40a5795518f6614fc229509f944ae138eb
COMPILED_CACHE_RETAINED,K3_SIDE24_LB/W3_numerics/__pycache__/w3_taylor.cpython-312.pyc,,,Python bytecode cache. Source scripts are separately indexed; archive retained.,1e8f9fb5be91901f154e6c9092f86a81491058e1c28e858afce52a4077f45e03
COMPILED_CACHE_RETAINED,K3_SIDE24_LB/W3_numerics/__pycache__/w3_tm.cpython-312.pyc,,,Python bytecode cache. Source scripts are separately indexed; archive retained.,da0d86de8e1d0eb5619f73edd897ce3a109e5c43a73ca5f89e260a88014ea108
COMPILED_CACHE_RETAINED,K3_SIDE24_LB/UPPER2D/STAGE_E/mut_H5/__pycache__/h5_kernel.cpython-312.pyc,,,Python bytecode cache. Source scripts are separately indexed; archive retained.,bcd8869a5f3631a661bf4efca71b374e05f786a70734ae4d6ec06104c66f0af1
COMPILED_CACHE_RETAINED,K3_SIDE24_LB/UPPER2D/STAGE_E/mut_H5/__pycache__/h5_merge.cpython-312.pyc,,,Python bytecode cache. Source scripts are separately indexed; archive retained.,5cc67d37aee7aeae5c04c64667a4c0ea3ebbcda1f46ef23d2575c2f21244805a
COMPILED_CACHE_RETAINED,K3_SIDE24_LB/UPPER2D/H5_closure/__pycache__/h5_kernel.cpython-312.pyc,,,Python bytecode cache. Source scripts are separately indexed; archive retained.,b4f086f7ad5de55093e6c0cb1d14d870fcae394b19a0ee2701702c96729ca2df
COMPILED_CACHE_RETAINED,K3_SIDE24_LB/UPPER2D/H5_closure/__pycache__/h5_merge.cpython-312.pyc,,,Python bytecode cache. Source scripts are separately indexed; archive retained.,518bed6c442f24ffd16fe1b4dd97e578ed3605835937618b0e18958b8eda8119
COMPILED_CACHE_RETAINED,K3_SIDE24_LB/UPPER2D/H5_closure/__pycache__/h5_run.cpython-312.pyc,,,Python bytecode cache. Source scripts are separately indexed; archive retained.,90e677da1bce0d1396e2651368226b7cec57ab63d30a2e5dc57aa27a837a965b
COMPILED_CACHE_RETAINED,K3_SIDE24_LB/UPPER2D/H5_closure/__pycache__/h5_run_r0p0125.cpython-312.pyc,,,Python bytecode cache. Source scripts are separately indexed; archive retained.,db18328372df9b128b17269d17974c1fdddc6540217e9b413f8123f29850f8af
COMPILED_CACHE_RETAINED,K3_SIDE24_LB/UPPER2D/H5_closure/__pycache__/h5_run_r0p0177.cpython-312.pyc,,,Python bytecode cache. Source scripts are separately indexed; archive retained.,fed08069f8cb49e6490662c4553c5345dcafb9a7a6ffc877bfd62a54e5f0d156
COMPILED_CACHE_RETAINED,K3_SIDE24_LB/UPPER2D/H5_closure/__pycache__/h5_run_r0p025.cpython-312.pyc,,,Python bytecode cache. Source scripts are separately indexed; archive retained.,9048d12fd95411915b99034c9351edbad68d7c2b9ca8f716a38b9e3013f0a6fe
COMPILED_CACHE_RETAINED,K3_SIDE24_LB/UPPER2D/H5_closure/__pycache__/h5_run_r0p035355.cpython-312.pyc,,,Python bytecode cache. Source scripts are separately indexed; archive retained.,662e48aba555d9a817174105b0a13142f68819cbfbcc0fdc20307c91cd0baed2
COMPILED_CACHE_RETAINED,K3_SIDE24_LB/UPPER2D/H4_closure/__pycache__/h4_probes.cpython-312.opt-1.pyc,,,Python bytecode cache. Source scripts are separately indexed; archive retained.,05ef980c1371579e0aa27310e5a8ee35d02e16260745483eadd371551b7e7de4
COMPILED_CACHE_RETAINED,K3_SIDE24_LB/UPPER2D/H2_foundations/__pycache__/cov_exact.cpython-312.opt-1.pyc,,,Python bytecode cache. Source scripts are separately indexed; archive retained.,b4b610640e102ed1f913671ccf564691afb10c5973607261b9a9219c1ca322d7
COMPILED_CACHE_RETAINED,K3_SIDE24_LB/UPPER2D/H2_foundations/__pycache__/pin_transform.cpython-312.opt-1.pyc,,,Python bytecode cache. Source scripts are separately indexed; archive retained.,69e54d2c988f2ecf8221d7d5011f7fa4aa6e156af2df07e3b2d24db2d72f7345
COMPILED_CACHE_RETAINED,K3_SIDE24_LB/UPPER2D/H2_foundations/__pycache__/pin_transform.cpython-312.pyc,,,Python bytecode cache. Source scripts are separately indexed; archive retained.,cdb1adaa10a4983c9ad6a3e67b4c467ec4be85518c7ba2875c2bef7ef753a650
COMPILED_CACHE_RETAINED,K3_SIDE24_LB/UPPER2D/H2_foundations/__pycache__/reg_lemmas.cpython-312.opt-1.pyc,,,Python bytecode cache. Source scripts are separately indexed; archive retained.,aa2c411c3e05af1dcc06a4882c97903ce5d19b789778c188fbabd739f0683450
COMPILED_CACHE_RETAINED,K3_SIDE24_LB/UPPER2D/D3_percolation/__pycache__/d3_amend.cpython-312.pyc,,,Python bytecode cache. Source scripts are separately indexed; archive retained.,420eef1534926c9b455ea569e025f24268ec9b9140ed1c192b82da0830126f34
COMPILED_CACHE_RETAINED,K3_SIDE24_LB/UPPER2D/D3_percolation/__pycache__/d3_perc.cpython-312.pyc,,,Python bytecode cache. Source scripts are separately indexed; archive retained.,eb65dad9ec6558777d03feab0ed20e042213cc5c433a37c4ccacf8b4a7423551
COMPILED_CACHE_RETAINED,K3_SIDE24_LB/UPPER2D/D2_branch_control/__pycache__/d2_falsifier.cpython-312.opt-1.pyc,,,Python bytecode cache. Source scripts are separately indexed; archive retained.,a4fe0bf6e48523b599d988e5fc3009a792cb5977d02fcdb86ce5b297910496ba
COMPILED_CACHE_RETAINED,K3_SIDE24_LB/UPPER2D/D2_branch_control/__pycache__/d2_probes.cpython-312.pyc,,,Python bytecode cache. Source scripts are separately indexed; archive retained.,7bfc3fed55cebb16f2891cf2155b2bdbcc0cc53d7acd03ff0299488ea2e49e9d
COMPILED_CACHE_RETAINED,K3_SIDE24_LB/UPPER2D/C2_B_classes/__pycache__/c2_falsifier.cpython-312.opt-1.pyc,,,Python bytecode cache. Source scripts are separately indexed; archive retained.,c41f61e9a6e2d0a0f6f1f948e8ee71267b28bf246c3d61724aaed9e49979b1a5
COMPILED_CACHE_RETAINED,K3_SIDE24_LB/UPPER2D/C1_alpha_intensity/__pycache__/c1_grid.cpython-312.pyc,,,Python bytecode cache. Source scripts are separately indexed; archive retained.,cc57ddfa3ae3f7aff5f6f230923cfc2805c260332a1f53671be189faf6679ea9
COMPILED_CACHE_RETAINED,K3_SIDE24_LB/UPPER2D/BRANCH_dir/__pycache__/br_mc.cpython-312.opt-1.pyc,,,Python bytecode cache. Source scripts are separately indexed; archive retained.,426793ba116ae62939b34bb8345391f3116271a8f16946a5f9faebbc2a0802fd
COMPILED_CACHE_RETAINED,K3_SIDE24_LB/UPPER2D/BRANCH_dir/__pycache__/br_mc.cpython-312.pyc,,,Python bytecode cache. Source scripts are separately indexed; archive retained.,345bfedfc2fe46e6eceba09ec84d3b15d3bb28cf385d0cb033b0ffe75bac6df1
COMPILED_CACHE_RETAINED,K3_SIDE24_LB/UPPER2D/BRANCH_dir/__pycache__/br_probes.cpython-312.opt-1.pyc,,,Python bytecode cache. Source scripts are separately indexed; archive retained.,87d61d719282637f69dfbe2791b0682ebaf6cd0c41950a459440098c4b6d4711
COMPILED_CACHE_RETAINED,K3_SIDE24_LB/UPPER2D/B1_taxonomy/__pycache__/b1_falsifier.cpython-312.opt-1.pyc,,,Python bytecode cache. Source scripts are separately indexed; archive retained.,4cbe2f1e33ed39e3c37a02898eeb6116095f28f1a3de58b3b58a17cf8501d486
COMPILED_CACHE_RETAINED,19fcef2e-c1c2-8c6c-8000-0f5a243156d9/work/__pycache__/c026_series.cpython-312.pyc,,,Python bytecode cache. Source scripts are separately indexed; archive retained.,d0e1f24b489587e36c626d5ecbf22a5a3dea9e083f974679b376339fc8a604f7
COMPILED_CACHE_RETAINED,19fcef2e-c1c2-8c6c-8000-0f5a243156d9/work/__pycache__/c027_station.cpython-312.pyc,,,Python bytecode cache. Source scripts are separately indexed; archive retained.,82db6f9900ed09f6bd675b8104def909d28978ad64da796c4404933eaa826b03
COMPILED_CACHE_RETAINED,19fcef2e-c1c2-8c6c-8000-0f5a243156d9/work/__pycache__/dag.cpython-312.pyc,,,Python bytecode cache. Source scripts are separately indexed; archive retained.,adf3593ccca3a130919ce697eb4a33ab8c1cbb33f846f8fc2fd8eb17dead368e
COMPILED_CACHE_RETAINED,19fcef2e-c1c2-8c6c-8000-0f5a243156d9/work/__pycache__/dag3.cpython-312.pyc,,,Python bytecode cache. Source scripts are separately indexed; archive retained.,5baf45a9e5b99efa9c6461f38b92f1674f4918c72cd3a3a0e1d05b19d0879752
COMPILED_CACHE_RETAINED,19fcef2e-c1c2-8c6c-8000-0f5a243156d9/work/__pycache__/driver.cpython-312.pyc,,,Python bytecode cache. Source scripts are separately indexed; archive retained.,7852742bd925cbdcbe044ba7df350a0592ca18667533d5df422f24e8a0ac3ce4
COMPILED_CACHE_RETAINED,19fcef2e-c1c2-8c6c-8000-0f5a243156d9/work/__pycache__/ivlam.cpython-312.pyc,,,Python bytecode cache. Source scripts are separately indexed; archive retained.,191a1328b1b186c8d0a1bb172a1a0cb08912707a11f6597d2584d2b7f0e798c0
COMPILED_CACHE_RETAINED,19fcef2e-c1c2-8c6c-8000-0f5a243156d9/work/__pycache__/ivstation.cpython-312.pyc,,,Python bytecode cache. Source scripts are separately indexed; archive retained.,6b6e44acb0e7461d5d49b59315f3d6be07a892e1edc23ff267218e7be211f613
COMPILED_CACHE_RETAINED,19fcef2e-c1c2-8c6c-8000-0f5a243156d9/work/__pycache__/jets.cpython-312.pyc,,,Python bytecode cache. Source scripts are separately indexed; archive retained.,ff1066a2054d888f1ef243273641c1e6c53e8f4f91a791826c50611a00459a30
COMPILED_CACHE_RETAINED,19fcef2e-c1c2-8c6c-8000-0f5a243156d9/work/__pycache__/jets3.cpython-312.pyc,,,Python bytecode cache. Source scripts are separately indexed; archive retained.,3764476a6529bc8d71f1f484fea1a3961520d7517ee718c906111a771adc8b10
COMPILED_CACHE_RETAINED,19fcef2e-c1c2-8c6c-8000-0f5a243156d9/work/__pycache__/phase2_cert.cpython-312.pyc,,,Python bytecode cache. Source scripts are separately indexed; archive retained.,548148e60838c7baadcf31d95eb924e66b349ecb7eed2289ff547fc6c54ab74f
COMPILED_CACHE_RETAINED,19fcef2e-c1c2-8c6c-8000-0f5a243156d9/work/__pycache__/phase2_frame.cpython-312.pyc,,,Python bytecode cache. Source scripts are separately indexed; archive retained.,c894057457ee9c047aba5ce4569daa419af8b75ca331cdddf14e2895d160a824
COMPILED_CACHE_RETAINED,19fcef2e-c1c2-8c6c-8000-0f5a243156d9/work/__pycache__/phase2b.cpython-312.pyc,,,Python bytecode cache. Source scripts are separately indexed; archive retained.,18f6ab50dad1c7564e08065f7bf585188514ec02a4fc7397425f2d229c6a30bb
COMPILED_CACHE_RETAINED,19fcef2e-c1c2-8c6c-8000-0f5a243156d9/work/__pycache__/ratjet.cpython-312.pyc,,,Python bytecode cache. Source scripts are separately indexed; archive retained.,f8d715528225d953565bd3343efc10d312c1db5c03fb0c372caf02f56f622bd9
COMPILED_CACHE_RETAINED,19fcef2e-c1c2-8c6c-8000-0f5a243156d9/work/__pycache__/ratpoly.cpython-312.pyc,,,Python bytecode cache. Source scripts are separately indexed; archive retained.,ffaf1c314efdd7f008d1be2812f81efdeed45b0453af9606967739c31f65ff47
COMPILED_CACHE_RETAINED,19fcef2e-c1c2-8c6c-8000-0f5a243156d9/work/__pycache__/s4r.cpython-312.pyc,,,Python bytecode cache. Source scripts are separately indexed; archive retained.,33562c92f3a1b3595830a52212eb5390062d27c440cada8f5088c7c6d461eb65
COMPILED_CACHE_RETAINED,19fcef2e-c1c2-8c6c-8000-0f5a243156d9/work/__pycache__/sv.cpython-312.pyc,,,Python bytecode cache. Source scripts are separately indexed; archive retained.,71867fc35bb80acd7c92c73e7391c1c3314198829519e4e985e7ac2c7e25e6d8
COMPILED_CACHE_RETAINED,19fcef2e-c1c2-8c6c-8000-0f5a243156d9/work/__pycache__/tp.cpython-312.pyc,,,Python bytecode cache. Source scripts are separately indexed; archive retained.,255501bd2e5b2fe1458a359050adbbfe0b1a78b11b7ea57eac89c078ffad3ca2
COMPILED_CACHE_RETAINED,19fcef2e-c1c2-8c6c-8000-0f5a243156d9/work/__pycache__/tp6block.cpython-312.pyc,,,Python bytecode cache. Source scripts are separately indexed; archive retained.,1cc871391694e14de6237ad1b557bf84bfcfc71eafcfa6539d4d436bdd54f738
COMPILED_CACHE_RETAINED,19fcef2e-c1c2-8c6c-8000-0f5a243156d9/work/__pycache__/tp9sections.cpython-312.pyc,,,Python bytecode cache. Source scripts are separately indexed; archive retained.,7c1976dd96cd2d17f161ad6682fb8a355773f3a3089f45a62516b9e4ae7e3ad6
COMPILED_CACHE_RETAINED,19fcef2e-c1c2-8c6c-8000-0f5a243156d9/work/__pycache__/tp_adjugate.cpython-312.pyc,,,Python bytecode cache. Source scripts are separately indexed; archive retained.,0d699fbb7bce8906879cab749f011a5f1f5181cfffb13eecddf08e2bab76c81a
COMPILED_CACHE_RETAINED,19fcef2e-c1c2-8c6c-8000-0f5a243156d9/work/__pycache__/vser_tight.cpython-312.pyc,,,Python bytecode cache. Source scripts are separately indexed; archive retained.,b5a5d9793b5e19db013b44e468be76b77c130bdad949bb3f0f91266f03c3be17
COMPILED_CACHE_RETAINED,19fcef2e-c1c2-8c6c-8000-0f5a243156d9/work/__pycache__/x9_css.cpython-312.pyc,,,Python bytecode cache. Source scripts are separately indexed; archive retained.,3020d07af1cc96486f6f06874af49e5e1e61a08425614c2bc2418a16f89342e3
COMPILED_CACHE_RETAINED,19fcef2e-c1c2-8c6c-8000-0f5a243156d9/work/__pycache__/x9_exact.cpython-312.pyc,,,Python bytecode cache. Source scripts are separately indexed; archive retained.,6a7fb81b19a96b9699ecf0c4d3185cf4cec1034d8f013a8f7578476774ab0445
COMPILED_CACHE_RETAINED,19fcef2e-c1c2-8c6c-8000-0f5a243156d9/work/__pycache__/x9_series.cpython-312.pyc,,,Python bytecode cache. Source scripts are separately indexed; archive retained.,84f0cbd9391651093d5f6fc5031e9efaf81c763f191eda961385bb7e97684cef
COMPILED_CACHE_RETAINED,19fca709-6422-875f-8000-0f5a4a02e62f/__pycache__/lb1_sup_over_zone_certificate.cpython-312.pyc,,,Python bytecode cache. Source scripts are separately indexed; archive retained.,34062bd87c9afea4e495b1fb06d7768a50be37f766af9ac2f6c5ca05cad6be84
COMPILED_CACHE_RETAINED,__pycache__/verify_obligations.cpython-313.pyc,,,Python bytecode cache. Source scripts are separately indexed; archive retained.,7c92d826b2c83d6f1c9a9b17e805e2ecc6ec7209bf42eb9ca401a1c43882f7b3
DOCX_LAYOUT_AND_EQUATIONS_REQUIRE_SOURCE,GP_REC_E0_CONVERSION_READINESS_2026-08-02.docx,https://docs.google.com/document/d/10bz10sb-0LDWGYgVAAwU7Vz9AWm0eHpK/edit?usp=drivesdk&ouid=115238606483204775524&rtpof=true&sd=true,https://docs.google.com/document/d/1F5I8t3a24jOLW7QbQNgdDeUwWwqUGENeQtu0PPKYre4/edit?usp=drivesdk,Body text verified through native structure or text export. Original DOCX governs layout.,80b64b64ff9c22138daaf576cbd3e58d3a45bc54e18b6b61e377e1f7e7cdefa0
DOCX_LAYOUT_AND_EQUATIONS_REQUIRE_SOURCE,SIDE24_THEOREM_PACKAGE_v1.0.docx,https://docs.google.com/document/d/1Sdy0gBzIc2K7-FHR9aE67SeXWf1oAtDJ/edit?usp=drivesdk&ouid=115238606483204775524&rtpof=true&sd=true,"https://docs.google.com/document/d/1R3Imq0352Ls5TGUXyDEZ_jnrwYatwVbPVSMy1t-7SjM/edit?usp=drivesdk
https://docs.google.com/document/d/1bZhPhqFv--Dah6ZuNF49V4LWsw_nSh6gJBCo5Ga-Xv0/edit?usp=drivesdk","Equation objects exist, but automated text reads omit their contents. Use linked OMML companions. A notice and direct companion links were added to this derived copy.",bd9fc3d0aed7b01a6690146404fa513b991f2aabb850f17c1fa712999bc54750
DOCX_LAYOUT_AND_EQUATIONS_REQUIRE_SOURCE,07_REVIEW_RESPONSE_FORM.docx,https://docs.google.com/document/d/1WkhhyUNTnOff5BU-sTdf1KNKv0CkD5i9/edit?usp=drivesdk&ouid=115238606483204775524&rtpof=true&sd=true,"https://docs.google.com/document/d/1SCI1S4RVUBHvZ0pOTg1zBOcTf-8CsYeIaAAIiQkySgs/edit?usp=drivesdk
https://docs.google.com/document/d/1bZhPhqFv--Dah6ZuNF49V4LWsw_nSh6gJBCo5Ga-Xv0/edit?usp=drivesdk","Equation objects exist, but automated text reads omit their contents. Use linked OMML companions. A notice and direct companion links were added to this derived copy.",c7c074ef960b6db9e6168bf0c2f51b995b17c82adc55d75af3530c6612222ecf
DOCX_LAYOUT_AND_EQUATIONS_REQUIRE_SOURCE,05_REPRODUCTION_GUIDE.docx,https://docs.google.com/document/d/14V0bkVSztarlfjhrqD_Ndt5ffupnsaeD/edit?usp=drivesdk&ouid=115238606483204775524&rtpof=true&sd=true,"https://docs.google.com/document/d/1QtRVFWgKEZgDZqGYAlzpKXcQU9W7uwSdtHJidbCyO-s/edit?usp=drivesdk
https://docs.google.com/document/d/1bZhPhqFv--Dah6ZuNF49V4LWsw_nSh6gJBCo5Ga-Xv0/edit?usp=drivesdk","Equation objects exist, but automated text reads omit their contents. Use linked OMML companions. A notice and direct companion links were added to this derived copy.",6ce1e7424a38fd3cebf3b898af952151e83361bb8a4fac58095f8ccb8cab3b20
DOCX_LAYOUT_AND_EQUATIONS_REQUIRE_SOURCE,00_READ_ME_FIRST.docx,https://docs.google.com/document/d/1KkhTJVHyJHk7PUubE2hF6O05EOEP9H60/edit?usp=drivesdk&ouid=115238606483204775524&rtpof=true&sd=true,"https://docs.google.com/document/d/1KVUsPCpEe4lHFklVl34xydKMlsorkkOy7rU9ue5QbBA/edit?usp=drivesdk
https://docs.google.com/document/d/1bZhPhqFv--Dah6ZuNF49V4LWsw_nSh6gJBCo5Ga-Xv0/edit?usp=drivesdk","Equation objects exist, but automated text reads omit their contents. Use linked OMML companions. A notice and direct companion links were added to this derived copy.",e5ff3401abe278742d1ecabc45c5a94b5f4e259e7183112209497c4b23838318
DOCX_LAYOUT_AND_EQUATIONS_REQUIRE_SOURCE,02A_PRELIMINARY_AI_REVIEW_DISPOSITION.docx,https://docs.google.com/document/d/1LHGkMd40cmg0qEhUogAk5LUgRznUyDY0/edit?usp=drivesdk&ouid=115238606483204775524&rtpof=true&sd=true,"https://docs.google.com/document/d/1D-Fl3OF76P5OYAMLjMYc3e8lZx0Kz2w_SRJYbUVhRZM/edit?usp=drivesdk
https://docs.google.com/document/d/1bZhPhqFv--Dah6ZuNF49V4LWsw_nSh6gJBCo5Ga-Xv0/edit?usp=drivesdk
https://docs.google.com/document/d/1ZKU3VNK_wleormGjuW78cTTAuY8fJRyD2b7v3132K5M/edit?usp=drivesdk","Equation objects exist, but automated text reads omit their contents. Use linked OMML companions. A notice and direct companion links were added to this derived copy.",7650137fee8feb72d92eb132444f065d655d421d0b64d3d01643a526a29d95cc
DOCX_LAYOUT_AND_EQUATIONS_REQUIRE_SOURCE,02_PRE_REVIEW_DOSSIER.docx,https://docs.google.com/document/d/1BJnDQdGI_6IoRNFlEns4XYzuwvTuL4MJ/edit?usp=drivesdk&ouid=115238606483204775524&rtpof=true&sd=true,"https://docs.google.com/document/d/1hcHmJrWVqOs2zIsxEchM5UiAnBjwUukG0MosfvHtZHc/edit?usp=drivesdk
https://docs.google.com/document/d/1ZKU3VNK_wleormGjuW78cTTAuY8fJRyD2b7v3132K5M/edit?usp=drivesdk
https://docs.google.com/document/d/12OUKXG0mLtxDQesB3h5I36bmKOIgIBxK9rr-vkDHwx8/edit?usp=drivesdk","Equation objects exist, but automated text reads omit their contents. Use linked OMML companions. A notice and direct companion links were added to this derived copy.",0f470f892f1820c9310b3ebaace7541fb609608bcf74dec66ea4006d79db4b1b
DOCX_LAYOUT_AND_EQUATIONS_REQUIRE_SOURCE,04_TECHNICAL_APPENDIX.docx,https://docs.google.com/document/d/14mh4UEKlKvaVH_xrado_UJiAjlsVHJyR/edit?usp=drivesdk&ouid=115238606483204775524&rtpof=true&sd=true,"https://docs.google.com/document/d/1XCMd_fdZuWkYtYtbKTPNMFZyJPig5QWUtpdNOF-QPr4/edit?usp=drivesdk
https://docs.google.com/document/d/12OUKXG0mLtxDQesB3h5I36bmKOIgIBxK9rr-vkDHwx8/edit?usp=drivesdk","Equation objects exist, but automated text reads omit their contents. Use linked OMML companions. A notice and direct companion links were added to this derived copy.",34c43ad4b71e6eadd6f7b40e5a11c03148a1c52a01f7a98bb1d2660a5357ed81
DOCX_LAYOUT_AND_EQUATIONS_REQUIRE_SOURCE,03_SIDE24_MANUSCRIPT.docx,https://docs.google.com/document/d/1xFsQErM259V5bbwySFUj2qiDy9g2UMBU/edit?usp=drivesdk&ouid=115238606483204775524&rtpof=true&sd=true,"https://docs.google.com/document/d/1dZyEs2cIVlcgoBhcy5aV17g2jsC4xnNyPdIIcHaV96s/edit?usp=drivesdk
https://docs.google.com/document/d/12OUKXG0mLtxDQesB3h5I36bmKOIgIBxK9rr-vkDHwx8/edit?usp=drivesdk
https://docs.google.com/document/d/1kvgP_hxJpvKL2JyB-ROUuwpi-mu4Bz3eeg_JNT_pfvI/edit?usp=drivesdk
https://docs.google.com/document/d/1UBOA2S_vGntSWJHJzk1cBCnCQjZOspsrar8nscF4LWs/edit?usp=drivesdk
https://docs.google.com/document/d/19bIJF1U_lAIwjoGmMMbpC-sHAWwtaTxySxEGyzDjgr4/edit?usp=drivesdk","Equation objects exist, but automated text reads omit their contents. Use linked OMML companions. A notice and direct companion links were added to this derived copy.",4c352f1fd8e4f6614b11bed6fc2aec0f00261f65ae82587b902d394ca55e03a1
DOCX_LAYOUT_AND_EQUATIONS_REQUIRE_SOURCE,NONCONTROLLING DOCX EXPORT — FS2-MAP-003 — ROOT-DRIFT PROVENANCE / DO NOT USE.docx,https://docs.google.com/document/d/1qZIyj2e0Mif0POHwRtWACcXlvqTsSGby/edit?usp=drivesdk&ouid=115238606483204775524&rtpof=true&sd=true,https://docs.google.com/document/d/1yXVbUy0h_KQcxDjLlbGqyERCxtvPD1XsreaJCS7EH1o/edit?usp=drivesdk,Body text verified through native structure or text export. Original DOCX governs layout.,7e8e056d0ba9d621e5b4ac51925ddd078d200ded95fbe0d6b4973638c9c0e181
DOCX_LAYOUT_AND_EQUATIONS_REQUIRE_SOURCE,NONCONTROLLING DOCX EXPORT — FS2-MAP-002 — ROOT-DRIFT PROVENANCE / DO NOT USE.docx,https://docs.google.com/document/d/1OdBib7XHLMjUBh-wbc3_PDJetyoOJoew/edit?usp=drivesdk&ouid=115238606483204775524&rtpof=true&sd=true,https://docs.google.com/document/d/1cr0DIii414l4OO1s9QomZdeTa-fop0JzBjDpjsd9myQ/edit?usp=drivesdk,Body text verified through native structure or text export. Original DOCX governs layout.,91c481ca4619513b58bd9042e1b9dd9a8e42006fa9519289a1bbb934d60fb8df
DOCX_LAYOUT_AND_EQUATIONS_REQUIRE_SOURCE,SOURCE DOCX — GP-PROP-175-v1.0 — Replication Capsules Proposal.docx,https://docs.google.com/document/d/1LzhN9eG6hdZec1Gzd0gTSd_JUS4I4Pez/edit?usp=drivesdk&ouid=115238606483204775524&rtpof=true&sd=true,https://docs.google.com/document/d/13iH0zYt_EuUHMV0Nif18MOIt_srlNv8cp8bYyny9-mY/edit?usp=drivesdk,Body text verified through native structure or text export. Original DOCX governs layout.,209374cadac7ea38be526a119758de7a94098ed1b4ecc279f969f0d26edc5760
DOCX_LAYOUT_AND_EQUATIONS_REQUIRE_SOURCE,Text2.docx,https://docs.google.com/document/d/1riI_sT5mMqhMWd2Rq9AOsGwr8IA7fNkU/edit?usp=drivesdk&ouid=115238606483204775524&rtpof=true&sd=true,https://docs.google.com/document/d/1jJV4V5dtXOi4rZe7x_2xnq4uJNVAicdmGV9aLIuwX6s/edit?usp=drivesdk,Body text verified through native structure or text export. Original DOCX governs layout.,d0486b91c37bf18728b3013514a99f2b40bcefab591e7a12f50daaf8b8cdac3d
DOCX_LAYOUT_AND_EQUATIONS_REQUIRE_SOURCE,Text3.docx,https://docs.google.com/document/d/1vD2odTaHdc0L97HYxGYK_2BHYgDtU01M/edit?usp=drivesdk&ouid=115238606483204775524&rtpof=true&sd=true,https://docs.google.com/document/d/1g7Cl3vR7ZEM1NVXn6i-fIYKdJfhJsuEIt8xRiueAtZ8/edit?usp=drivesdk,Body text verified through native structure or text export. Original DOCX governs layout.,898564274f120136d56c333d0cb688b250185ce677469f0bb7ab536a437dea69
DOCX_LAYOUT_AND_EQUATIONS_REQUIRE_SOURCE,Texts.docx,https://docs.google.com/document/d/1EMfkX4RmXvsAjRd8xl2DTgBDpM7Fjhr4/edit?usp=drivesdk&ouid=115238606483204775524&rtpof=true&sd=true,https://docs.google.com/document/d/11Zjyeh1CQusa8eP0BfdVUZaB1t5EoEnhZPTqwUCO9BU/edit?usp=drivesdk,Body text verified through native structure or text export. Original DOCX governs layout.,89a0d969e2b4fba196e425137d6b5d6c0dc0ca4ac04f469d6e4fa7e61e52b28d
DOCX_LAYOUT_AND_EQUATIONS_REQUIRE_SOURCE,Request Refined for Future Use.docx,https://docs.google.com/document/d/1stss-v0TS3LiRwlhp0Tbbe7_wR90DeGD/edit?usp=drivesdk&ouid=115238606483204775524&rtpof=true&sd=true,https://docs.google.com/document/d/1YQxilbrVmaztw9__niXjXxS-Mctyheku92FFNbUWJQs/edit?usp=drivesdk,Body text verified through native structure or text export. Original DOCX governs layout.,a0e1312bd38401559d8c2bea9afd86e491d815e6ccd389d09f5c2e6f471090b3
DOCX_LAYOUT_AND_EQUATIONS_REQUIRE_SOURCE,Copy of Evaluating the Λ-Dialectic Framework.docx,https://docs.google.com/document/d/1_oAgiEds7wGnUXF5DYXrqVU-eCmVfVYw/edit?usp=drivesdk&ouid=115238606483204775524&rtpof=true&sd=true,https://docs.google.com/document/d/1vGUCX-i0oyhxV0yNRCviJYYgdMg-vjklGwHIhE2l3Vc/edit?usp=drivesdk,Body text verified through native structure or text export. Original DOCX governs layout.,e9be90bb2cef8c497f64a2ac517062a37811985da10fcd711ba81ffd42e34f03
DOCX_LAYOUT_AND_EQUATIONS_REQUIRE_SOURCE,SIDE24_v2_2026-08-01/07_REVIEW_RESPONSE_FORM_V2.docx,https://drive.google.com/file/d/1vSI-evINWskhXVyiZ0slt-rLT74sPpXH/view?usp=drivesdk,https://docs.google.com/document/d/1fkQwmDLCzp2CaLEJebeuc_jbwhXoMQvS9sAAnSSWHcc/edit?usp=drivesdk,Body text verified through native structure or text export. Original DOCX governs layout.,b44c666ef769f5229e31a37d09b3e8045b3ba4b6e9caf54838285131aafcb9d8
DOCX_LAYOUT_AND_EQUATIONS_REQUIRE_SOURCE,SIDE24_v2_2026-08-01/build/07_form.base.docx,https://drive.google.com/file/d/1vSI-evINWskhXVyiZ0slt-rLT74sPpXH/view?usp=drivesdk,https://docs.google.com/document/d/1GaLASiyHSJRE4sY2sc1EGF54utVcSIx25RDuK3cR9ho/edit?usp=drivesdk,Body text verified through native structure or text export. Original DOCX governs layout.,949a4b526f8631b4ea815dbc1396df7b430adbe4ac9c292dca2c884bbcbfc87f
DOCX_LAYOUT_AND_EQUATIONS_REQUIRE_SOURCE,SIDE24_G9_RECOVERY_2026-08-01/successor/SIDE24_V3_4_RP_C_RP_S_CLOSURE_CHECKPOINT_2026-08-01.zip!/SIDE24_V3_4_RP_C_RP_S_CLOSURE_CHECKPOINT_2026-08-01/evidence/original_v2/SIDE24_v2_2026-08-01/07_REVIEW_RESPONSE_FORM_V2.docx,https://drive.google.com/file/d/1Uz1xeynsY17xHDTfisVC6ImztJOXZbFp/view?usp=drivesdk,https://docs.google.com/document/d/1qq_Nx2naZxXuFBoEVc1ymcNRusb48yTWwRWQhk4N6ic/edit?usp=drivesdk,Body text verified through native structure or text export. Original DOCX governs layout.,e2083645f20ac87bdca5094749a626d56ce6fa77f1fe7bb7173705074b7c785b
DOCX_LAYOUT_AND_EQUATIONS_REQUIRE_SOURCE,00_MASTER_INDEX_20_COLD_REVIEW_PACKETS.docx,https://drive.google.com/file/d/1ky4ptuMzyMbYhtzPzunh9plQvF8anlzT/view?usp=drivesdk,https://docs.google.com/document/d/163qXkKOGH67onFazVod_Z-G_WfFMzsca4mST5C_Smy8/edit?usp=drivesdk,Body text verified through native structure or text export. Original DOCX governs layout.,0158ca2b05b529cf68a33c06b44886ee94f1f4c9ae5b9c75960656118ad92b51
DOCX_LAYOUT_AND_EQUATIONS_REQUIRE_SOURCE,01_EC-005_Canonical_A2_Fold-Gap_Identity.docx,https://drive.google.com/file/d/1ky4ptuMzyMbYhtzPzunh9plQvF8anlzT/view?usp=drivesdk,https://docs.google.com/document/d/1oAcJiM44sofdaXW9_mYWjscaK1736Wu6i2iGEbE46yI/edit?usp=drivesdk,Body text verified through native structure or text export. Original DOCX governs layout.,c53c3b6e2eabbef4b5b2edad6db0f6c7523285c0951bbfbfcd43448540034c3d
DOCX_LAYOUT_AND_EQUATIONS_REQUIRE_SOURCE,02_EC-006_Planar_Truncated-Normal_Second-Moment_Identity.docx,https://drive.google.com/file/d/1ky4ptuMzyMbYhtzPzunh9plQvF8anlzT/view?usp=drivesdk,https://docs.google.com/document/d/1h2kMJvbr7ox82SVzYXAo_burxP63Dm6YesWXGboZfdQ/edit?usp=drivesdk,Body text verified through native structure or text export. Original DOCX governs layout.,8900b21da2ec7651b1ada1fb1e51b91ecf0fde0b816097ef6aba22ea23fd1c97
DOCX_LAYOUT_AND_EQUATIONS_REQUIRE_SOURCE,03_EC-007_Planar_Coalesced_Six-Pin_Conditional_Jet_Law.docx,https://drive.google.com/file/d/1ky4ptuMzyMbYhtzPzunh9plQvF8anlzT/view?usp=drivesdk,https://docs.google.com/document/d/17laaaGF_khHdd_SFWIRdObkBT1GaEBzgQIb4bSzxgK4/edit?usp=drivesdk,Body text verified through native structure or text export. Original DOCX governs layout.,ecfd3f864b3a8e87a72ea4d0f3493e56a134542487ffe281dccc6c325d17470e
DOCX_LAYOUT_AND_EQUATIONS_REQUIRE_SOURCE,04_EC-008_Planar_Collision-Gram_Covariance_Determinant.docx,https://drive.google.com/file/d/1ky4ptuMzyMbYhtzPzunh9plQvF8anlzT/view?usp=drivesdk,https://docs.google.com/document/d/1Ghgr94GKQW0FGHNYKDMoElo7n5Fj6mR4z69Yja8e2qg/edit?usp=drivesdk,Body text verified through native structure or text export. Original DOCX governs layout.,0e0dac642cd22f3f8f093eb09a788f430562d82db402b1097290c4846253b967
DOCX_LAYOUT_AND_EQUATIONS_REQUIRE_SOURCE,05_EC-010_Declared_Convex-Combination_Polynomial_Identities.docx,https://drive.google.com/file/d/1ky4ptuMzyMbYhtzPzunh9plQvF8anlzT/view?usp=drivesdk,https://docs.google.com/document/d/1dM1kh_zPcdVx-v4JQ84EiNtByZxBnJ-RN_34meVM3gM/edit?usp=drivesdk,Body text verified through native structure or text export. Original DOCX governs layout.,5f5ab789728adb5e61544092295f46b2f53c772c0668a55c1de0a4d70287cb7d
DOCX_LAYOUT_AND_EQUATIONS_REQUIRE_SOURCE,06_EC-011_Adjoint-Orbit_Conservation_and_Section_Normalization.docx,https://drive.google.com/file/d/1ky4ptuMzyMbYhtzPzunh9plQvF8anlzT/view?usp=drivesdk,https://docs.google.com/document/d/1xHIc2n4OD-1Q_o8bgPBzz7qMK4gvTw27-Jcf8cAaYv8/edit?usp=drivesdk,Body text verified through native structure or text export. Original DOCX governs layout.,e5c5afeb545d3ceb46c3f32be0f2cf09e137e518d0bee49a610a8996b28ba018
DOCX_LAYOUT_AND_EQUATIONS_REQUIRE_SOURCE,07_EC-012_Closed_Strip-Threshold_Majorant.docx,https://drive.google.com/file/d/1ky4ptuMzyMbYhtzPzunh9plQvF8anlzT/view?usp=drivesdk,https://docs.google.com/document/d/1Ig6fH8Yh7cE2mc8ZhBcVR0VevhoQIc4R4QdyFui4-4c/edit?usp=drivesdk,Body text verified through native structure or text export. Original DOCX governs layout.,33f5ae0dcd6c742e8d4b37eddd9e6063e421425b5b411d0a88351c4eacd7282d
DOCX_LAYOUT_AND_EQUATIONS_REQUIRE_SOURCE,08_EC-013_Conditional_Elder-Rule_Defect_Dichotomy.docx,https://drive.google.com/file/d/1ky4ptuMzyMbYhtzPzunh9plQvF8anlzT/view?usp=drivesdk,https://docs.google.com/document/d/1mBmjtnFcV5NRmfLB2U1lpDTAFK5UuWt5Z9M-3_8lN7g/edit?usp=drivesdk,Body text verified through native structure or text export. Original DOCX governs layout.,cfc112683e45890e5048a98916a8773da07a2db12c672a6ca7125fba02eb803e
DOCX_LAYOUT_AND_EQUATIONS_REQUIRE_SOURCE,09_EC-014_Corrected_Six-Pin_Pair-Frame_Jacobian_and_Contact_Power.docx,https://drive.google.com/file/d/1ky4ptuMzyMbYhtzPzunh9plQvF8anlzT/view?usp=drivesdk,https://docs.google.com/document/d/1zecbtMB6jgR6X5r1mjy7FAMxbyvKAM4-b_P2RZgR6M8/edit?usp=drivesdk,Body text verified through native structure or text export. Original DOCX governs layout.,6bd3f19b60474294f78ae4aefc63314f1fae6f639cf737d031cb745e91bb078e
DOCX_LAYOUT_AND_EQUATIONS_REQUIRE_SOURCE,10_EC-015_Repaired_Witness-Parameterized_Degree-Four_PRCP_Event.docx,https://drive.google.com/file/d/1ky4ptuMzyMbYhtzPzunh9plQvF8anlzT/view?usp=drivesdk,https://docs.google.com/document/d/1paF_1DCrSbub13zhI5kX_K3oqKg6pcmUUh2RBEMso3k/edit?usp=drivesdk,Body text verified through native structure or text export. Original DOCX governs layout.,230f2891663edad58b71802427eb7693bbd48382dc7c10bd3d617f66ec761daa
DOCX_LAYOUT_AND_EQUATIONS_REQUIRE_SOURCE,11_EC-016_Retirement_of_Imported_a_r_and_Continuum_Jet-Box_Certification_Claims.docx,https://drive.google.com/file/d/1ky4ptuMzyMbYhtzPzunh9plQvF8anlzT/view?usp=drivesdk,https://docs.google.com/document/d/1wz0gua1OBfsQRlqIN_Lmvy2YNb_dcZaUfe5BPgaKHfY/edit?usp=drivesdk,Body text verified through native structure or text export. Original DOCX governs layout.,f736602d0c3ac60305f83771e7476da781ff3ff628cea0ede347a260865542f2
DOCX_LAYOUT_AND_EQUATIONS_REQUIRE_SOURCE,12_EC-017_Positive_Fixed-r_Typed_Finite-Q4_Palm_Mass.docx,https://drive.google.com/file/d/1ky4ptuMzyMbYhtzPzunh9plQvF8anlzT/view?usp=drivesdk,https://docs.google.com/document/d/1WM452443QWaeZB8XGKUWqd30ka0-6RVRhWJYjLsG4zM/edit?usp=drivesdk,Body text verified through native structure or text export. Original DOCX governs layout.,09706563553166112889f474f8920ecc3642987675de607c5e1ff948c376d0a4
DOCX_LAYOUT_AND_EQUATIONS_REQUIRE_SOURCE,13_EC-018_Full-Dimensional_Interval-Certified_Degree-Four_Route-B_Box.docx,https://drive.google.com/file/d/1ky4ptuMzyMbYhtzPzunh9plQvF8anlzT/view?usp=drivesdk,https://docs.google.com/document/d/1BwP9qHJJOyvTNhy-0jYYg3hsnIiKQPxFdwbRTqrEtO8/edit?usp=drivesdk,Body text verified through native structure or text export. Original DOCX governs layout.,e81872e0aa150d117d3a07ff82ac660e5f932693bdd3c3f9be227045e2b90c6d
DOCX_LAYOUT_AND_EQUATIONS_REQUIRE_SOURCE,14_EC-020_Uniform-r_Fixed-q_Full-Dimensional_Degree-Four_Corridor.docx,https://drive.google.com/file/d/1ky4ptuMzyMbYhtzPzunh9plQvF8anlzT/view?usp=drivesdk,https://docs.google.com/document/d/1p7ODg9BVPyLxvA0RHkmbp4R6MZDJCyW6vgulWSY-66o/edit?usp=drivesdk,Body text verified through native structure or text export. Original DOCX governs layout.,31ce5945828bfe3495a90e11d0483191d0f1b5d6cebf316215ff479b9dce377e
DOCX_LAYOUT_AND_EQUATIONS_REQUIRE_SOURCE,15_EC-021_Uniform_Positive_Typed_Finite-Q4_Palm_Mass_of_the_Fixed-q_Corridor.docx,https://drive.google.com/file/d/1ky4ptuMzyMbYhtzPzunh9plQvF8anlzT/view?usp=drivesdk,https://docs.google.com/document/d/1Du3GDd8GxG-_szMD5K9xtHGuzogpFqOpQ3WK0dQKdB0/edit?usp=drivesdk,Body text verified through native structure or text export. Original DOCX governs layout.,d1a408dad50730ac9d665208f44048e11104959350ddadca7dad4c576e57ef52
DOCX_LAYOUT_AND_EQUATIONS_REQUIRE_SOURCE,16_P02-LM-001_Conditional_Degree-Four_Deterministic_Capture_Majorant.docx,https://drive.google.com/file/d/1ky4ptuMzyMbYhtzPzunh9plQvF8anlzT/view?usp=drivesdk,https://docs.google.com/document/d/1sqpRXvwZZFZ5Tnk-jurj1G9RriYGpg8y1KL9B67wyaw/edit?usp=drivesdk,Body text verified through native structure or text export. Original DOCX governs layout.,1fd79fe6e60a7831ab61d6d3e38c47856a60de34cdc72f364ef0760700e0cced
DOCX_LAYOUT_AND_EQUATIONS_REQUIRE_SOURCE,17_P02-LM-002_Exact_Determinant-Weight_r_4_Second-Moment_Interface.docx,https://drive.google.com/file/d/1ky4ptuMzyMbYhtzPzunh9plQvF8anlzT/view?usp=drivesdk,https://docs.google.com/document/d/1FGHiqI5BpOmYtEJ1EbuN6xbeE1aJ8lZKAFOPUKCLDPE/edit?usp=drivesdk,Body text verified through native structure or text export. Original DOCX governs layout.,aa5a92549df670a7eb6652e0e78e9c0c0ffeeda6fd6dbd4fcff6db4fc2b11002
DOCX_LAYOUT_AND_EQUATIONS_REQUIRE_SOURCE,18_P02-LM-005_Uniform_Exact_Nine-Jet_Gaussian_Density_and_Moment_Interface.docx,https://drive.google.com/file/d/1ky4ptuMzyMbYhtzPzunh9plQvF8anlzT/view?usp=drivesdk,https://docs.google.com/document/d/14ABVhwq0h8LetOj19gbzvBSzGd3RwTjXDMWJw0Yghu4/edit?usp=drivesdk,Body text verified through native structure or text export. Original DOCX governs layout.,c0faa75e74a0738e8280befd662f88f1fd3a3389865555eb216ea70bd514cf92
DOCX_LAYOUT_AND_EQUATIONS_REQUIRE_SOURCE,19_P02-LM-007_Uniform_Conditioned_Fifth-Derivative_Supremum_Tail.docx,https://drive.google.com/file/d/1ky4ptuMzyMbYhtzPzunh9plQvF8anlzT/view?usp=drivesdk,https://docs.google.com/document/d/1mA-X6-zeUL9xbupjHcPB8QE-YEkN0U50Z_Ezt7sxqo8/edit?usp=drivesdk,Body text verified through native structure or text export. Original DOCX governs layout.,51f760d45e2702ef92e8822141baec5de6e1b0c4f3906637b1f0d9bd383a534d
DOCX_LAYOUT_AND_EQUATIONS_REQUIRE_SOURCE,20_P02-LM-008_Exact_Determinant-Weighted_Palm-Tail_Transfer.docx,https://drive.google.com/file/d/1ky4ptuMzyMbYhtzPzunh9plQvF8anlzT/view?usp=drivesdk,https://docs.google.com/document/d/1thvWeAlOuoqFlTIU1-d59RELWH1hv4Rh-KVfQ70KW-w/edit?usp=drivesdk,Body text verified through native structure or text export. Original DOCX governs layout.,98c5f2f2d92210df6192424d60f6957b31600a77ec81dad328846c6df16cfc0a
