artifact_id,filename_or_description,sha256,regular_files,roots_or_scope,manifest_state,binary_scope,v3_1_scripts,adjudication
P1_ORIGINAL_V2,OKComputer_Project_Gap_Closure.zip,7285eba7c789a26b80cb8a9d69bc8929b28be0b8cb522981530bbdcb7066f93e,64,"V2; gap_fill","24 rows: 23 match; stale CHANGE_LOG only","6 PDFs + 1 DOCX = 7; all match",absent,"Exact local artifact; F1 applies"
P2_LATER_RECUT,1OKComputer_Project_Gap_Closure.zip,efa0ea95481aaccf3abcf6b7c89d5ad420b72eaaedf240a9bce6362ca41669aa,92,"V2; gap_fill; V3","44 rows: 42 match; supplement and verifier README differ","7 PDFs + 1 DOCX = 8; all match",absent,"Exact local artifact; CHANGE_LOG matches; no V4"
P3_REPORTED_V4,OKComputer_Project_Gap_Closure.zip,UNAVAILABLE,109_REPORTED,"gap_fill with 9 scripts and verifier v1-v7; V2 re-cut; V3; V4","44 rows with 8 evolved gap_fill differences REPORTED","7 PDFs + 1 DOCX = 8; 8/8 match REPORTED",reported_absent,"Source archive/hash unavailable; do not merge counts with P1 or P2"
P4_V3,SIDE24_V3_CORRECTIVE_CHECKPOINT_2026-07-31.zip,61c07030b65eeb537406f5c24477f3851c71b85863b024ee0ad4282a5613ad44,21,"V3 corrective checkpoint",internal_ledger,not_applicable,absent,"Precedes V3.1"
P5_V3_1,SIDE24_V3_1_AUDIT_RESPONSE_CHECKPOINT_2026-07-31.zip,00f37af65627cf2f655640dad97c03689e9064e7935891f44c6224fa35c71209,133,"V3.1 plus 109 evidence files","132/132 ledger payloads verified","Preserves P1's 24 referents",both_present,"Authoritative predecessor of V3.2"
P6_INDEPENDENT_AUDIT,SIDE24_INDEPENDENT_AUDIT_SNAPSHOT_2026-07-31.zip,9e2e0637706685692cdce770f4c4e74c7154baaabbc319de77e6defd34ab5a01,17,independent local audit,16/16_internal_ledger,not_self_contained_for_original_binaries,not_applicable,local_evidence_only
P7_RECONCILIATION,SIDE24_AUDIT_RECONCILIATION_SNAPSHOT_2026-07-31.zip,7be11c3e2ee6a185ca13bb91a18b656855ca3f458d853c93c5f5ba71fbb8a97e,9,reconciliation evidence,8/8_internal_ledger,"8/8 reported; source binaries absent",independent_sign_verifier_present,"Accepted local reconciliation; package observations scoped to P3"
NOTE_AUDITOR,received inline in-conversation 2026-07-31; no original file artifact was delivered; this is the auditor's verbatim preservation copy; P3 hash now pinned by the auditor as bd01de231b5ad119eb4f337d958f2e9f5f4c1fc40301780d9ea0e72adacc3c0f (both deliveries byte-identical),,,,,,,
P8_RPF_AUDIT,SIDE24_RPF_AUDIT_SNAPSHOT_2026-07-31.zip,367e0db8f7fc5bb549f1c81d0a2c9169252e20f6619b458369556fdbf89ab04f,8,RP-F audit evidence,SHA256SUMS_internal_ledger,not_applicable,not_applicable,"Auditor's RP-F concurrence snapshot; delivered in-chat"
