record_id,track,component,status,controlling_artifact,sha256,drive_id,scope_or_note
R2.8-001,SIDE24-3D,RP-A,CLOSED,Theorem G.7.1,05967f14a8b8d6a9e2637210807872ba4f30810987cb7f3017e10b186d07f6da,1D5eRshQWyiugIrIikBUhItasLyiyV1FX,Palm adjacency-failure estimate on compact positive mark sets
R2.8-002,SIDE24-3D,RP-L,CLOSED,Theorem G.7.1,05967f14a8b8d6a9e2637210807872ba4f30810987cb7f3017e10b186d07f6da,1D5eRshQWyiugIrIikBUhItasLyiyV1FX,Palm self-attachment estimate on compact positive mark sets
R2.8-003,SIDE24-3D,RP-F,CLOSED,G.8 audit,05967f14a8b8d6a9e2637210807872ba4f30810987cb7f3017e10b186d07f6da,1D5eRshQWyiugIrIikBUhItasLyiyV1FX,Fixed-distance witness expectation
R2.8-004,SIDE24-3D,RP-C,CLOSED,AO48-OPR-045,e48d7c271dff9c120316ee2129a303aed6f78b518c2e0c08337eb357bd60e2e8,1MfA94SaoYpnnAs7HYLNvowG9EHIR3Opk,V3.4 facewise collar bound plus envelope and audit chain
R2.8-005,SIDE24-3D,RP-S,CLOSED,AO48-OPR-045,e48d7c271dff9c120316ee2129a303aed6f78b518c2e0c08337eb357bd60e2e8,1MfA94SaoYpnnAs7HYLNvowG9EHIR3Opk,V3.4 singular-near bound plus envelope and audit chain
R2.8-006,SIDE24-3D,elder-selection,RATIFIED-AT-STATED-SCOPE,AO48-OPR-045,e48d7c271dff9c120316ee2129a303aed6f78b518c2e0c08337eb357bd60e2e8,1MfA94SaoYpnnAs7HYLNvowG9EHIR3Opk,"sup_{t,b,kappa}(1-p_r)<=Cr^3 uniformly for pair direction and compact positive mark sets"
R2.8-007,SIDE24-3D,lifetime-density theorem,RATIFIED-AT-STATED-SCOPE,AO48-OPR-045,e48d7c271dff9c120316ee2129a303aed6f78b518c2e0c08337eb357bd60e2e8,1MfA94SaoYpnnAs7HYLNvowG9EHIR3Opk,"nu_{3,24}(ell)=c_{3,24}ell^{-1/3}(1+o(1)); ell down to 0; exact draft scope"
R2.8-008,SIDE24-3D,carried dependencies,CARRIED,AO48-AUD-044,be6b53a21370984650733d9f00c60d0648b452fe65f32bf3ce93846f5c22737c,1qX_KJz2KreWDy7BXNmCBesUmbkJCoPBa,V3.3 eigenfloor tables; three diagnostics; Palm normalizer
R2.8-009,q0-2D,cross-track firewall,HOLD_UNCHANGED,LS-CTL-003-v1.1,0d0f3d29f2121f7d68a2e6bbaaea9fbdf3301963bcbc99cac6b3ac182d6a953d,16PsfzxKfq28RD6OlyubPbmgfUmGPHuTd,No SIDE24-to-q0 inference; P0.1 unchanged
