filename_or_path	role	status	byte_count	sha256	drive_id	parent_folder_id	form	accessibility	readback
00_READ_FIRST.md	raw	PARTIAL / NONCONTROLLING	5504	a64b86f8e225cf064cd46fcf2ace4f10ff9071e8d83fb34aa9a97f951c23a66a	1626tPV8quxHcWmqrHW7LxZrHVyptJ8yR	1-txt44n94bS8EQdlo1MTOZpGlJz92DTW	raw	connector-accessible; public/anyone sharing not verified	PASSED: parent listing returned exact Drive ID and byte count; preupload SHA recorded
CANONICAL_STATE.json	raw	PARTIAL / NONCONTROLLING	4729	c6b4a0ca59bb1d1dedc5bb8e28b738a9a5ba9fe121832f40fee711073898e407	1TbXFbq8gYkbLhOKk6_m0Ous_okufKlQ4	1ht_GjRajgspeTeWSLQyAJUbwwR5tnbwz	raw	connector-accessible; public/anyone sharing not verified	PASSED: parent listing returned exact Drive ID and byte count; preupload SHA recorded
CORPUS_GAP_REQUESTS.txt	raw	PARTIAL / NONCONTROLLING	1646	6ab5218e8a0528cfe838deada1d4d8bf287229c3e452c6eee40b544e619d89ef	1_UsuzOc9V-JHn9E8CA6640H3FNnEu2sJ	1ht_GjRajgspeTeWSLQyAJUbwwR5tnbwz	raw	connector-accessible; public/anyone sharing not verified	PASSED: parent listing returned exact Drive ID and byte count; preupload SHA recorded
DECISION_LEDGER.md	raw	PARTIAL / NONCONTROLLING	12232	4d36fb528c498970f882dbd28761f491b29b50aa3015d630155a816db06bd489	1NgDHWhZAE2stWTTwwZvBCfOdPo6hK74I	1ht_GjRajgspeTeWSLQyAJUbwwR5tnbwz	raw	connector-accessible; public/anyone sharing not verified	PASSED: parent listing returned exact Drive ID and byte count; preupload SHA recorded
FAILED_APPROACHES.md	raw	PARTIAL / NONCONTROLLING	4887	8fa175b6f529cc3344ea1c1886208326368304951118064c6639a04a59169cb5	1K9Oh8nkOt7EhDOTv4-sFYuq3m-xRylYQ	1ht_GjRajgspeTeWSLQyAJUbwwR5tnbwz	raw	connector-accessible; public/anyone sharing not verified	PASSED: parent listing returned exact Drive ID and byte count; preupload SHA recorded
FILE_LEDGER.tsv	raw	PARTIAL / NONCONTROLLING	72668	34416efde5fd2b0342460f10c22307b5b20d5d2c7760af3485df9527aca0a9c3	1ORQBsSF8BZlXWFTHA841AfzOMSYlDxOk	1ht_GjRajgspeTeWSLQyAJUbwwR5tnbwz	raw	connector-accessible; public/anyone sharing not verified	PASSED: parent listing returned exact Drive ID and byte count; preupload SHA recorded
INPUT_MANIFEST.sha256	raw	PARTIAL / NONCONTROLLING	65718	981893e3cdb76d2705cc633d768e424e223bd517a3c2bb3f1d05eb7e48bd48d2	15nCdnZ2ZdbcsM3xab_CzRZ9cCJkFIQc4	1ht_GjRajgspeTeWSLQyAJUbwwR5tnbwz	raw	connector-accessible; public/anyone sharing not verified	PASSED: parent listing returned exact Drive ID and byte count; preupload SHA recorded
K3-AUD-001_residue_audit.md	raw	PARTIAL / NONCONTROLLING	5544	0fb026bd5923ab06d90b63017c212fb722b417288d80638185b8378d7e658652	1u_p2dueQsNYQuhFxQNuXIY7tTQpwF7AZ	1ht_GjRajgspeTeWSLQyAJUbwwR5tnbwz	raw	connector-accessible; public/anyone sharing not verified	PASSED: parent listing returned exact Drive ID and byte count; preupload SHA recorded
LEAD_SYMBOLIC_WP.md	raw	PARTIAL / NONCONTROLLING	5623	5275994cffed6f54fd758c0b116dcc9a2ecfd8db8dcc9ecd2a2daa0ff38a8cce	1RYEVN993i7xJGKypAgjQtbyEoDa_OaBM	1ht_GjRajgspeTeWSLQyAJUbwwR5tnbwz	raw	connector-accessible; public/anyone sharing not verified	PASSED: parent listing returned exact Drive ID and byte count; preupload SHA recorded
LEAD_SYMBOLIC_WP_CORRECTION_ADDENDUM.md	raw	PARTIAL / NONCONTROLLING	2957	45ffe1e260a55bfb3dff032b158de8205956ccf58643b02b62d4331fe4d957c9	10pVccRyKKjcnr-PUY5Dc43Ee3d8VjM-t	1ht_GjRajgspeTeWSLQyAJUbwwR5tnbwz	raw	connector-accessible; public/anyone sharing not verified	PASSED: parent listing returned exact Drive ID and byte count; preupload SHA recorded
MANIFEST.sha256	raw	PARTIAL / NONCONTROLLING	27736	a7619d9180126c741b5b836ad4326de3188fb9b91d2ca217b0b67199770680de	1LxPp-JZ8lGaO_mA4-4yzerJ3lYoWhRwT	1ht_GjRajgspeTeWSLQyAJUbwwR5tnbwz	raw	connector-accessible; public/anyone sharing not verified	PASSED: parent listing returned exact Drive ID and byte count; preupload SHA recorded
MISSING_INPUTS.md	raw	PARTIAL / NONCONTROLLING	420	fe3bdbc3ba6ae9290f0035d7035b8c05fbb6d119cbbe954e030ba97f270133b2	11KVFJWoW5609LK0Ubefx99z4moMpjkjG	1ht_GjRajgspeTeWSLQyAJUbwwR5tnbwz	raw	connector-accessible; public/anyone sharing not verified	PASSED: parent listing returned exact Drive ID and byte count; preupload SHA recorded
OPEN_OBLIGATIONS.md	raw	PARTIAL / NONCONTROLLING	4132	bb5f578b67b63d4a5a2ec1f17f240b4c239f29a5dac27aebe01db107c0b725f6	1EcSSd1Yyd_5sil44YcnJtkNuhZavpb_Q	1ht_GjRajgspeTeWSLQyAJUbwwR5tnbwz	raw	connector-accessible; public/anyone sharing not verified	PASSED: parent listing returned exact Drive ID and byte count; preupload SHA recorded
REPRODUCTION.md	raw	PARTIAL / NONCONTROLLING	3194	1e4bed6f0a7011878b862a3d499f80029f834cd1b2cfa1f8c156ea7741c4f51e	10llhBAx9ClSp1yRDfx6_j2adsKmquMEk	1ht_GjRajgspeTeWSLQyAJUbwwR5tnbwz	raw	connector-accessible; public/anyone sharing not verified	PASSED: parent listing returned exact Drive ID and byte count; preupload SHA recorded
SUCCESSOR_SHELL_NONCONTROLLING.md	raw	PARTIAL / NONCONTROLLING	5994	996b7fb8530c834172a262a1355c17313394cdf4a39e15d3376596c89e55864c	1bZcEesjY3dRvByWPflN7ry7Sccm_Vd9C	1ht_GjRajgspeTeWSLQyAJUbwwR5tnbwz	raw	connector-accessible; public/anyone sharing not verified	PASSED: parent listing returned exact Drive ID and byte count; preupload SHA recorded
TASK_DAG.md	raw	PARTIAL / NONCONTROLLING	744	c927f65d2b36e4fb2f7bb2d40c11618968ec3f5a1640a8a1a58bc06a250907e1	1QySy1a3OPsWLZNQDZ32pu0eUbhOJ-vIS	1ht_GjRajgspeTeWSLQyAJUbwwR5tnbwz	raw	connector-accessible; public/anyone sharing not verified	PASSED: parent listing returned exact Drive ID and byte count; preupload SHA recorded
WP_DISPOSITION.md	raw	PARTIAL / NONCONTROLLING	8638	08394745a03776d2937f60f65a5aa6031cabc2437be3d63469fc78c05d95b0f7	1Ea0ygkmGSpTDybVq7nw4Z14oYf0WKbRb	1ht_GjRajgspeTeWSLQyAJUbwwR5tnbwz	raw	connector-accessible; public/anyone sharing not verified	PASSED: parent listing returned exact Drive ID and byte count; preupload SHA recorded
W2_symbolic/W2_ADDENDUM.md	raw	FROZEN SYMBOLIC / NONCONTROLLING	1075	3e7a4b30bedc26120884b1339c84e0f4c5aaa042fe2a22b7d9e3ea7e0e6955fe	19x0tsnCf4ayniPTsYAYKd_wyf5EBxtTr	176vAKbP-XX9WcJTXGuLwPNCwfyEiupVL	raw	connector-accessible; public/anyone sharing not verified	PASSED: parent listing returned exact Drive ID and byte count; preupload SHA recorded
W2_symbolic/W2_DERIVATION.md	raw	FROZEN SYMBOLIC / NONCONTROLLING	34203	22df83a64fb6755cc4e9d19e6efc3346f31acf141f199e476e7852f501ec5a4e	1o06oNSGXHUCkH8-aKYr2WPr4VYg4mHmp	176vAKbP-XX9WcJTXGuLwPNCwfyEiupVL	raw	connector-accessible; public/anyone sharing not verified	PASSED: parent listing returned exact Drive ID and byte count; preupload SHA recorded
W2_symbolic/W2_FREEZE.json	raw	FROZEN SYMBOLIC / NONCONTROLLING	417	b64e99610d6ddf28799b8af576b5adff2bb933b67bd7f762766e20451e993d3b	17AfJ7w1lzUZU4yLkiHRkuX7nfSwheF7M	176vAKbP-XX9WcJTXGuLwPNCwfyEiupVL	raw	connector-accessible; public/anyone sharing not verified	PASSED: parent listing returned exact Drive ID and byte count; preupload SHA recorded
W2_symbolic/W2_sanity.py	raw	FROZEN SYMBOLIC / NONCONTROLLING	26110	ede20064b4f6242346ac02c0a4ac09b6c7b98f073c2f4e16ce6e5fadc9ff4b45	16BotNkwP4KSwMw4DL1sSVp-WxkXaZOZB	176vAKbP-XX9WcJTXGuLwPNCwfyEiupVL	raw	connector-accessible; public/anyone sharing not verified	PASSED: parent listing returned exact Drive ID and byte count; preupload SHA recorded
W2_symbolic/run1.log	raw	FROZEN SYMBOLIC / NONCONTROLLING	7878	2570958be883cd893dc790259c4d0e4aea69a10b282b849515c8613de207e693	1sVxM9WVs2vOCwJ0sPMGz96eSyO1oylr6	176vAKbP-XX9WcJTXGuLwPNCwfyEiupVL	raw	connector-accessible; public/anyone sharing not verified	PASSED: parent listing returned exact Drive ID and byte count; preupload SHA recorded
W3_numerics/W3_REPORT.md	raw	INCOMPLETE PRE-FREEZE / NONCONTROLLING	4621	5fdc9a8c6d569760374dcf9662eb8984f77d0d63032f0635bdd2fa09b9375667	1pCtM28hpAulCcDgIdTnj7JJC4egNvo6r	1XednXXpn03NFzfMfL8kWUcxOoI5ZEiSl	raw	connector-accessible; public/anyone sharing not verified	PASSED: parent listing returned exact Drive ID and byte count; preupload SHA recorded
W3_numerics/land40.txt	raw	INCOMPLETE PRE-FREEZE / NONCONTROLLING	969	d0a4bbb56cc09b12578b1d66e8de36a936a9b9ba516550f65ebfc59cf076816c	1wmslznCkEDsahKiyAymVWVXiHnpzN4La	1XednXXpn03NFzfMfL8kWUcxOoI5ZEiSl	raw	connector-accessible; public/anyone sharing not verified	PASSED: parent listing returned exact Drive ID and byte count; preupload SHA recorded
W3_numerics/lbox_A.txt	raw	INCOMPLETE PRE-FREEZE / NONCONTROLLING	2612	43eaa00fdca440fbcea5d074bd2d7ecf7948660308c5db577958a794e8c0a0f4	1PCNxOI8cNKxPDfKmy8j0AnopNvaC4tI5	1XednXXpn03NFzfMfL8kWUcxOoI5ZEiSl	raw	connector-accessible; public/anyone sharing not verified	PASSED: parent listing returned exact Drive ID and byte count; preupload SHA recorded
W3_numerics/lbox_B.txt	raw	INCOMPLETE PRE-FREEZE / NONCONTROLLING	3917	4ae538f5044e71d07e05407b03b1f81ca50a788f0d810002e9398070a8946836	1s8H8s-foXOUTtdhXsrkzMKHfAVbAbVms	1XednXXpn03NFzfMfL8kWUcxOoI5ZEiSl	raw	connector-accessible; public/anyone sharing not verified	PASSED: parent listing returned exact Drive ID and byte count; preupload SHA recorded
W3_numerics/lbox_one.txt	raw	INCOMPLETE PRE-FREEZE / NONCONTROLLING	602	23bff6445de34f7d5516898a160b2bd25ae4a0c98faecf6cc43ff7b556f729b5	1wvkmGvVaWz7ISs5nyVjUwf_AcH-uRQBX	1XednXXpn03NFzfMfL8kWUcxOoI5ZEiSl	raw	connector-accessible; public/anyone sharing not verified	PASSED: parent listing returned exact Drive ID and byte count; preupload SHA recorded
W3_numerics/lbox_test.txt	raw	INCOMPLETE PRE-FREEZE / NONCONTROLLING	3177	12b61fc245fb637daada6ada10903bc00f1e35acbd17a73ac5e0d56a7230e1a7	1krwscsYMJTvyhW1J3iNKbHeA9pDQouWA	1XednXXpn03NFzfMfL8kWUcxOoI5ZEiSl	raw	connector-accessible; public/anyone sharing not verified	PASSED: parent listing returned exact Drive ID and byte count; preupload SHA recorded
W3_numerics/pscan.txt	raw	INCOMPLETE PRE-FREEZE / NONCONTROLLING	75713	94012def2e34432e00b141ed64b2b6ff5b35b6b0dea3dc9d86bfc438cadb8fc0	1xD5uKNcftyY8d1rE8uwf2J_ErjS5Y1C1	1XednXXpn03NFzfMfL8kWUcxOoI5ZEiSl	raw	connector-accessible; public/anyone sharing not verified	PASSED: parent listing returned exact Drive ID and byte count; preupload SHA recorded
W3_numerics/receipts/harness_O.exit	raw	INCOMPLETE PRE-FREEZE / NONCONTROLLING	2	9a271f2a916b0b6ee6cecb2426f0b3206ef074578be55d9bc94f6f3fe3ab86aa	1tmM0aJ6_WOWbntYF2NN6iMHjA2U4c-pC	1pIQzbAHmO8Z2sPJ3H_aeJPkrylXWJ1JD	raw	connector-accessible; public/anyone sharing not verified	PASSED: parent listing returned exact Drive ID and byte count; preupload SHA recorded
W3_numerics/receipts/harness_O.out	raw	INCOMPLETE PRE-FREEZE / NONCONTROLLING	289	dfc7ee41b93b366a334a1958574a40a5ed685e089f33ad3dad0db2ee29bc38f9	1yjO3uOjrmnziRW8NcZq4pL4gtWi7plCV	1pIQzbAHmO8Z2sPJ3H_aeJPkrylXWJ1JD	raw	connector-accessible; public/anyone sharing not verified	PASSED: parent listing returned exact Drive ID and byte count; preupload SHA recorded
W3_numerics/receipts/harness_O.out.sha256	raw	INCOMPLETE PRE-FREEZE / NONCONTROLLING	65	38acb15d02d5ac0f2a2789602e9df950c380d2799b4bdb59394e4eeabdd3a662	1ziXc8N4BqZKiP8Ekwpg5qd1c523buPnG	1pIQzbAHmO8Z2sPJ3H_aeJPkrylXWJ1JD	raw	connector-accessible; public/anyone sharing not verified	PASSED: parent listing returned exact Drive ID and byte count; preupload SHA recorded
W3_numerics/receipts/harness_mut_sqrt.err	raw	INCOMPLETE PRE-FREEZE / NONCONTROLLING	79	f594dcf6a47f8da6fb259a691ba4b695098da479836b1e88047e8258e913da96	1cewP36AqOYhd2IMTPJrv2-lb0703I8Jx	1pIQzbAHmO8Z2sPJ3H_aeJPkrylXWJ1JD	raw	connector-accessible; public/anyone sharing not verified	PASSED: parent listing returned exact Drive ID and byte count; preupload SHA recorded
W3_numerics/receipts/harness_mut_sqrt.exit	raw	INCOMPLETE PRE-FREEZE / NONCONTROLLING	2	4355a46b19d348dc2f57c046f8ef63d4538ebb936000f3c9ee954a27460dd865	1bp2ayz50Yn6seo3pvmDwcBpU9aSZ9OEJ	1pIQzbAHmO8Z2sPJ3H_aeJPkrylXWJ1JD	raw	connector-accessible; public/anyone sharing not verified	PASSED: parent listing returned exact Drive ID and byte count; preupload SHA recorded
W3_numerics/receipts/harness_mut_sqrt.out	raw	INCOMPLETE PRE-FREEZE / NONCONTROLLING	185	4117771a06cea0deb8b7209e28ab5a5aa98efda76980b412e0809c4191152e63	1ELMTvpbqcH0Ab4kS7UG6ZulFj4o0gMb-	1pIQzbAHmO8Z2sPJ3H_aeJPkrylXWJ1JD	raw	connector-accessible; public/anyone sharing not verified	PASSED: parent listing returned exact Drive ID and byte count; preupload SHA recorded
W3_numerics/receipts/harness_mut_sqrt.out.sha256	raw	INCOMPLETE PRE-FREEZE / NONCONTROLLING	65	c7106f8bce54d853298116a145930fb2df362d8d8f29d3aeaa3b47d858febddf	17M7I9ljTkzKJyqllyoto6WY5x4_3RwYT	1pIQzbAHmO8Z2sPJ3H_aeJPkrylXWJ1JD	raw	connector-accessible; public/anyone sharing not verified	PASSED: parent listing returned exact Drive ID and byte count; preupload SHA recorded
W3_numerics/receipts/harness_normal.exit	raw	INCOMPLETE PRE-FREEZE / NONCONTROLLING	2	9a271f2a916b0b6ee6cecb2426f0b3206ef074578be55d9bc94f6f3fe3ab86aa	1uXbXE4wjtvwaJSzsdmGMbLDKIZs4OblG	1pIQzbAHmO8Z2sPJ3H_aeJPkrylXWJ1JD	raw	connector-accessible; public/anyone sharing not verified	PASSED: parent listing returned exact Drive ID and byte count; preupload SHA recorded
W3_numerics/receipts/harness_normal.out	raw	INCOMPLETE PRE-FREEZE / NONCONTROLLING	289	dfc7ee41b93b366a334a1958574a40a5ed685e089f33ad3dad0db2ee29bc38f9	1HZ07yJdTAlRyhXY8mJWQnE3RPEFjwspN	1pIQzbAHmO8Z2sPJ3H_aeJPkrylXWJ1JD	raw	connector-accessible; public/anyone sharing not verified	PASSED: parent listing returned exact Drive ID and byte count; preupload SHA recorded
W3_numerics/receipts/harness_normal.out.sha256	raw	INCOMPLETE PRE-FREEZE / NONCONTROLLING	65	647b51e0108cf698236f9f8e6d16f75de11e26e73a4d343f2ef33a9f53f6d6b2	1zcLRH4RUplX2m56FUAUTyBxE2llHApEl	1pIQzbAHmO8Z2sPJ3H_aeJPkrylXWJ1JD	raw	connector-accessible; public/anyone sharing not verified	PASSED: parent listing returned exact Drive ID and byte count; preupload SHA recorded
W3_numerics/rho_probe.txt	raw	INCOMPLETE PRE-FREEZE / NONCONTROLLING	40	366a75096d066b65cadc675f0cbed645a8ae3b9c1a2065320cce6aef628c2c02	1XbstLYZ5nIkX_dv9hss5ccgKkOATSGHR	1XednXXpn03NFzfMfL8kWUcxOoI5ZEiSl	raw	connector-accessible; public/anyone sharing not verified	PASSED: parent listing returned exact Drive ID and byte count; preupload SHA recorded
W3_numerics/strip.out	raw	INCOMPLETE PRE-FREEZE / NONCONTROLLING	93	93ef57b4196ab11f4951ad4522fdc10801a88bb469b6022e928ab5ef4a094299	1vFQF78gmKlQlMBr2tzT2LzKYSWnFvw04	1XednXXpn03NFzfMfL8kWUcxOoI5ZEiSl	raw	connector-accessible; public/anyone sharing not verified	PASSED: parent listing returned exact Drive ID and byte count; preupload SHA recorded
W3_numerics/strip.txt	raw	INCOMPLETE PRE-FREEZE / NONCONTROLLING	199088	92d6154d243738ad5eb728280f6069a3a128899c74eb1891fe1d613c1d5336b8	1hFETW_7QF_p5RJy78IYouoOLc_IZuWcg	1XednXXpn03NFzfMfL8kWUcxOoI5ZEiSl	raw	connector-accessible; public/anyone sharing not verified	PASSED: parent listing returned exact Drive ID and byte count; preupload SHA recorded
W3_numerics/t_one.out	raw	INCOMPLETE PRE-FREEZE / NONCONTROLLING	1256	bd19aa9fd76d197160aa6929ed7674f77f8a5a9626fb76517b74bc67e9196d84	1iZhUNxHV6In02VsdcZ4LTbbJ93wWp_3A	1XednXXpn03NFzfMfL8kWUcxOoI5ZEiSl	raw	connector-accessible; public/anyone sharing not verified	PASSED: parent listing returned exact Drive ID and byte count; preupload SHA recorded
W3_numerics/t_one.py	raw	INCOMPLETE PRE-FREEZE / NONCONTROLLING	1740	cfa9bd474bd0650a05c0bf96bc69e305b59789b9dadd1a71c65c2b8936deb33f	1Fx27vuexTwLovqwbw8TDHjyIbrwrs3aA	1XednXXpn03NFzfMfL8kWUcxOoI5ZEiSl	raw	connector-accessible; public/anyone sharing not verified	PASSED: parent listing returned exact Drive ID and byte count; preupload SHA recorded
W3_numerics/w3_cert.py	raw	INCOMPLETE PRE-FREEZE / NONCONTROLLING	52462	4cf2b27c8161327c6e21aed4546dcbbe1d4d2c3adb6f0ec87b78b2057cfb8fc4	1Jau8ccc-7xtsQbTU2icBz5pvBYE8HqUR	1XednXXpn03NFzfMfL8kWUcxOoI5ZEiSl	raw	connector-accessible; public/anyone sharing not verified	PASSED: parent listing returned exact Drive ID and byte count; preupload SHA recorded
W3_numerics/w3_drive.py	raw	INCOMPLETE PRE-FREEZE / NONCONTROLLING	7653	55fcbd7f23f169424cc48fe3243ec07ea0361b6bc12f9bfedb5db2d70b6bef0b	1sYMQSQBxlJwGjCiaWvgXAs7A13mVMndS	1XednXXpn03NFzfMfL8kWUcxOoI5ZEiSl	raw	connector-accessible; public/anyone sharing not verified	PASSED: parent listing returned exact Drive ID and byte count; preupload SHA recorded
W3_numerics/w3_harness.py	raw	INCOMPLETE PRE-FREEZE / NONCONTROLLING	4388	7295801ef7f4f37f96a55ebddfcac8a8492119e425e39bd1fa6bd099f559c39a	1yS0pkvO4fmEd1gc7fNO7hJJUEsPzpP4C	1XednXXpn03NFzfMfL8kWUcxOoI5ZEiSl	raw	connector-accessible; public/anyone sharing not verified	PASSED: parent listing returned exact Drive ID and byte count; preupload SHA recorded
W3_numerics/w3_lbox.py	raw	INCOMPLETE PRE-FREEZE / NONCONTROLLING	9457	f7e2cd1a68a891d714f436cac1e8cff38c68d3528ea37f9de4ec152816d0a248	1Zy55911-GWshTCc1k9s6TttuNl6bHvvV	1XednXXpn03NFzfMfL8kWUcxOoI5ZEiSl	raw	connector-accessible; public/anyone sharing not verified	PASSED: parent listing returned exact Drive ID and byte count; preupload SHA recorded
W3_numerics/w3_lower.py	raw	INCOMPLETE PRE-FREEZE / NONCONTROLLING	11571	e61ffa056fbcfc6815968d8996e21a73402371f4d79d4e139ad23333e5529036	1a5lityWNmVmiJqqA4PGM9o5DZCKtZguo	1XednXXpn03NFzfMfL8kWUcxOoI5ZEiSl	raw	connector-accessible; public/anyone sharing not verified	PASSED: parent listing returned exact Drive ID and byte count; preupload SHA recorded
W3_numerics/w3_pinprobe.py	raw	INCOMPLETE PRE-FREEZE / NONCONTROLLING	2773	5b768d093e9a423b63f54bb8d6d1707614fd0ca44561d33cd1305c75e07148a7	1gb5k-QofFnXGW8EPFOk2h1QsjyfPhtIu	1XednXXpn03NFzfMfL8kWUcxOoI5ZEiSl	raw	connector-accessible; public/anyone sharing not verified	PASSED: parent listing returned exact Drive ID and byte count; preupload SHA recorded
W3_numerics/w3_proto.py	raw	INCOMPLETE PRE-FREEZE / NONCONTROLLING	9572	f648002c98c9df6e2fd3f4a8ba6d9f456e1daaafdae45afce720930f6c79603b	19MRL_YIkxYbu1ye7Qf-xbmncjrmihMIa	1XednXXpn03NFzfMfL8kWUcxOoI5ZEiSl	raw	connector-accessible; public/anyone sharing not verified	PASSED: parent listing returned exact Drive ID and byte count; preupload SHA recorded
W3_numerics/w3_pscan.py	raw	INCOMPLETE PRE-FREEZE / NONCONTROLLING	1238	4eef59a06712f79606e648863186a4ce12c3681c8dabe45f4bbda80b71c5a3d3	1N1J-329dFNyNpN1yCZedf4GhuSO_hVKc	1XednXXpn03NFzfMfL8kWUcxOoI5ZEiSl	raw	connector-accessible; public/anyone sharing not verified	PASSED: parent listing returned exact Drive ID and byte count; preupload SHA recorded
W3_numerics/w3_run.py	raw	INCOMPLETE PRE-FREEZE / NONCONTROLLING	5589	9561e87364b0d6eef130b1f7facbf7dd70305b41b46c98b44930b4a8d45720d5	1GbD75F_Apw93urlzlGqedWrrjNhuT0Wr	1XednXXpn03NFzfMfL8kWUcxOoI5ZEiSl	raw	connector-accessible; public/anyone sharing not verified	PASSED: parent listing returned exact Drive ID and byte count; preupload SHA recorded
W3_numerics/w3_run_harness.sh	raw	INCOMPLETE PRE-FREEZE / NONCONTROLLING	1236	1e0c454dab136830f14415f00f5bddf03251645d32dc9636e36dc6f6de85bc6b	1s7_okT0TKUE14QIN_xRAI9G1MMhxNJfx	1XednXXpn03NFzfMfL8kWUcxOoI5ZEiSl	raw	connector-accessible; public/anyone sharing not verified	PASSED: parent listing returned exact Drive ID and byte count; preupload SHA recorded
W3_numerics/w3_scan.py	raw	INCOMPLETE PRE-FREEZE / NONCONTROLLING	3139	31dc4d424f7a1415838d01570577273a0f091c558a64ceebfcf4384227e07543	1ff7vn8GEGHSZlXxjT2DGU9CXOkhdfA41	1XednXXpn03NFzfMfL8kWUcxOoI5ZEiSl	raw	connector-accessible; public/anyone sharing not verified	PASSED: parent listing returned exact Drive ID and byte count; preupload SHA recorded
W3_numerics/w3_scan2.py	raw	INCOMPLETE PRE-FREEZE / NONCONTROLLING	2478	69d05769ca4dd0f3ab6d4fd0932310c8131eaadc56b39d9d9f30ab8a90b74897	1JBO-lCtrTieILzg3SV_ZF7iy8XHw83zI	1XednXXpn03NFzfMfL8kWUcxOoI5ZEiSl	raw	connector-accessible; public/anyone sharing not verified	PASSED: parent listing returned exact Drive ID and byte count; preupload SHA recorded
W3_numerics/w3_strip.py	raw	INCOMPLETE PRE-FREEZE / NONCONTROLLING	2178	8fe3e20f5e488699f02c8fb3fde351cf4e7f712d551a23c28bff7e666262c0b6	17G8PFVpYHCqT6HW0yxKamOqQ5PA4cMUu	1XednXXpn03NFzfMfL8kWUcxOoI5ZEiSl	raw	connector-accessible; public/anyone sharing not verified	PASSED: parent listing returned exact Drive ID and byte count; preupload SHA recorded
W3_numerics/w3_taylor.py	raw	INCOMPLETE PRE-FREEZE / NONCONTROLLING	7267	bb963481fa1a824653f85d03fb85d044548b762797a0cda5e7757b285a7caed9	1Y9fycAFyoQQkIk3gZ6gNQFZvRelR8QEj	1XednXXpn03NFzfMfL8kWUcxOoI5ZEiSl	raw	connector-accessible; public/anyone sharing not verified	PASSED: parent listing returned exact Drive ID and byte count; preupload SHA recorded
W3_numerics/w3_tm.py	raw	INCOMPLETE PRE-FREEZE / NONCONTROLLING	8704	b174add150fb962cd24cbec843555d264b6c6f3c3cc52432f7b07b11896024db	1WpgIFWQEU94DZgfcVaHUzETczZf3Y11L	1XednXXpn03NFzfMfL8kWUcxOoI5ZEiSl	raw	connector-accessible; public/anyone sharing not verified	PASSED: parent listing returned exact Drive ID and byte count; preupload SHA recorded
W4_independent/MANIFEST.sha256	raw	NUMERICAL EVIDENCE / NONCONTROLLING	3385	b83998550c049a0383a9cfb763d0950033c3491735712c50737ad08a6b7eded7	1LjBYMWF4eS_5bLdKtyLvbKzmMl2yjRAJ	1HtCt_4Ttqzt9jEV-fSrrugtRxgysjDH4	raw	connector-accessible; public/anyone sharing not verified	PASSED: parent listing returned exact Drive ID and byte count; preupload SHA recorded
W4_independent/W4_REPORT.md	raw	NUMERICAL ESTIMATE / NOT ENCLOSURE	10789	669401f7871e13fb8ae1d295fa04f55fe81f45b9f1443ecd97158db7a6235715	1PQ2upF10nbHEhZkrcy1p_sP4Klk0SWBr	1HtCt_4Ttqzt9jEV-fSrrugtRxgysjDH4	raw	connector-accessible; public/anyone sharing not verified	PASSED: parent listing returned exact Drive ID and byte count; preupload SHA recorded
W4_independent/maps/arc_a.tsv	raw	NUMERICAL EVIDENCE / NONCONTROLLING	1178764	140e20c47ee27ef74de11e3ec5d75a36b5e3e61e3f65c7ac3c1a145b4e5f104c	1zUfGPwWuJQr6cOGn7Nu2608996MVZ_CI	1MessiOwC4ePeutx_qwtI1hSD4WeyrrtM	raw	connector-accessible; public/anyone sharing not verified	PASSED: parent listing returned exact Drive ID and byte count; preupload SHA recorded
W4_independent/maps/arc_b.tsv	raw	NUMERICAL EVIDENCE / NONCONTROLLING	1570291	10a9f8b40e453b0dc2931cbd195a759064144b242bbf9d3f0f384c71ea6e6005	1X3mEPCNSdqcwXzT0mNszgErPkbe3uROk	1MessiOwC4ePeutx_qwtI1hSD4WeyrrtM	raw	connector-accessible; public/anyone sharing not verified	PASSED: parent listing returned exact Drive ID and byte count; preupload SHA recorded
W4_independent/maps/full_med.tsv	raw	NUMERICAL EVIDENCE / NONCONTROLLING	1108108	5f9b7eff5ecd18c8e7021d096f3521da419c23cc6ee9c060bad8d04f3a9d2c97	1zrXQNxSTlq6Nxmv9qrNLWojt4s010qQr	1MessiOwC4ePeutx_qwtI1hSD4WeyrrtM	raw	connector-accessible; public/anyone sharing not verified	PASSED: parent listing returned exact Drive ID and byte count; preupload SHA recorded
W4_independent/maps/inner_scan.tsv	raw	NUMERICAL EVIDENCE / NONCONTROLLING	55761	9834810ce4bc95ad4f8d8e31c0d282c122625e389e0140fe64771d10135d38ed	1iP5hXfH73RaMVMJ-oldX9xEb6Q0zUaRm	1MessiOwC4ePeutx_qwtI1hSD4WeyrrtM	raw	connector-accessible; public/anyone sharing not verified	PASSED: parent listing returned exact Drive ID and byte count; preupload SHA recorded
W4_independent/maps/map_coarse.tsv	raw	NUMERICAL EVIDENCE / NONCONTROLLING	190644	5c2d55faf473634210be35d0e5a04fdd1bf0642a189d78a092bbb1d1bc1b9048	1v5_FdtKrXEFTDdtZSm6QPW0wd2XMAZPm	1MessiOwC4ePeutx_qwtI1hSD4WeyrrtM	raw	connector-accessible; public/anyone sharing not verified	PASSED: parent listing returned exact Drive ID and byte count; preupload SHA recorded
W4_independent/maps/outer_shell.tsv	raw	NUMERICAL EVIDENCE / NONCONTROLLING	184569	bbd8377d9f4b02ac544be114090185061079da3c0d82c03ec236c08795d6d955	1WrL2Lpkp0xUUBxd_B6Pm267zSerT_Qss	1MessiOwC4ePeutx_qwtI1hSD4WeyrrtM	raw	connector-accessible; public/anyone sharing not verified	PASSED: parent listing returned exact Drive ID and byte count; preupload SHA recorded
W4_independent/maps/wedge_fine.tsv	raw	NUMERICAL EVIDENCE / NONCONTROLLING	13480081	a48a9f52a7941085979ccb532bb2a2c6eca6535705e59074f98c73d5fe3c90cd	1M_f1GKX3oqx4bE6f8oajzd7kaKWkhfD0	1MessiOwC4ePeutx_qwtI1hSD4WeyrrtM	raw	connector-accessible; public/anyone sharing not verified	PASSED: parent listing returned exact Drive ID and byte count; preupload SHA recorded
W4_independent/maps/wedge_finer.tsv	raw	NUMERICAL EVIDENCE / NONCONTROLLING	13204497	d51d79741b8da72e61b427463f744ad04f6a28009ce55ec6d3e4f685c931bd8e	1FGu4qlG25lWR5x3kAacCQK4DhXEzZwd1	1MessiOwC4ePeutx_qwtI1hSD4WeyrrtM	raw	connector-accessible; public/anyone sharing not verified	PASSED: parent listing returned exact Drive ID and byte count; preupload SHA recorded
W4_independent/maps/wedge_mid.tsv	raw	NUMERICAL EVIDENCE / NONCONTROLLING	3379547	9aae130a4bc6b4824d7e0d3b1cebdc5a94fe3cce4ae464c10fe0dd1d4cc4b7e5	1BmFoHJ4srJ8ydeFu7sY5HMgmdn52p04h	1MessiOwC4ePeutx_qwtI1hSD4WeyrrtM	raw	connector-accessible; public/anyone sharing not verified	PASSED: parent listing returned exact Drive ID and byte count; preupload SHA recorded
W4_independent/probes_laws.txt	raw	NUMERICAL EVIDENCE / NONCONTROLLING	3991	2f9d27d4bffa8ef17f1f5bed1ab89de5638562ba5f95e858142e19a9b8593bb5	1wZCnK1h8QnOu5R974RWZ6SiVn90SPqEZ	1HtCt_4Ttqzt9jEV-fSrrugtRxgysjDH4	raw	connector-accessible; public/anyone sharing not verified	PASSED: parent listing returned exact Drive ID and byte count; preupload SHA recorded
W4_independent/transcripts/altcheck_p2.txt	raw	NUMERICAL EVIDENCE / NONCONTROLLING	111	0f78c2ac4d66147c46d857ab6304690b246e78da1b283b99f7297cb546ae5e49	1LcC4-WKJDefesn6zhS6eZaUqWwfIbouw	1Zh-ctv4Prtj5VD6VqQj0ynSK2s0jeklL	raw	connector-accessible; public/anyone sharing not verified	PASSED: parent listing returned exact Drive ID and byte count; preupload SHA recorded
W4_independent/transcripts/altcheck_peak.txt	raw	NUMERICAL EVIDENCE / NONCONTROLLING	108	2f776812b2b83c802c63ad1486db0a34b7839c3855ae9ba1d25177e0c09917f9	1hr5tdJQE5VEXtaTgmQshyruxjTbCfzEV	1Zh-ctv4Prtj5VD6VqQj0ynSK2s0jeklL	raw	connector-accessible; public/anyone sharing not verified	PASSED: parent listing returned exact Drive ID and byte count; preupload SHA recorded
W4_independent/transcripts/arc_a.txt	raw	NUMERICAL EVIDENCE / NONCONTROLLING	170	c513e7ccd49840bab355c73ccabb3e0b157d80e201844a5972183c9d96d1136d	1CXeDXliVpiEtQefm9Op_OxVyCiPkKVzE	1Zh-ctv4Prtj5VD6VqQj0ynSK2s0jeklL	raw	connector-accessible; public/anyone sharing not verified	PASSED: parent listing returned exact Drive ID and byte count; preupload SHA recorded
W4_independent/transcripts/arc_b.txt	raw	NUMERICAL EVIDENCE / NONCONTROLLING	170	6e6b2acf24769f649c88785d80a9193e995b479b7343dc79104d119d3613eb36	19r8l7vSGAdDiXel1Qbd0cv6UWEjf_kYb	1Zh-ctv4Prtj5VD6VqQj0ynSK2s0jeklL	raw	connector-accessible; public/anyone sharing not verified	PASSED: parent listing returned exact Drive ID and byte count; preupload SHA recorded
W4_independent/transcripts/assembly.txt	raw	NUMERICAL EVIDENCE / NONCONTROLLING	1114	9cf727b5779ca23824001cfe0f74567a4227bcf597fb1541cf945db5e9b4e775	1QXaNH4sgKOvjTAtLlxiOyXvcPrY1cost	1Zh-ctv4Prtj5VD6VqQj0ynSK2s0jeklL	raw	connector-accessible; public/anyone sharing not verified	PASSED: parent listing returned exact Drive ID and byte count; preupload SHA recorded
W4_independent/transcripts/condlaw_init.txt	raw	NUMERICAL EVIDENCE / NONCONTROLLING	569	f1b0481a27c5f5ab6335981db88793ade98189647759f1553b1aa38f3fc20124	1Rw4FEW9S-r80iAYGFo9AKivGM4by9tfa	1Zh-ctv4Prtj5VD6VqQj0ynSK2s0jeklL	raw	connector-accessible; public/anyone sharing not verified	PASSED: parent listing returned exact Drive ID and byte count; preupload SHA recorded
W4_independent/transcripts/full_med.txt	raw	NUMERICAL EVIDENCE / NONCONTROLLING	92	9b5ef6495e2eee0a40bdb9f66c4e9df9760707d784b57c6d935c8dad1da50ad8	15DR7CVSr6qUysQhTApQMEHjFtbfhmfPP	1Zh-ctv4Prtj5VD6VqQj0ynSK2s0jeklL	raw	connector-accessible; public/anyone sharing not verified	PASSED: parent listing returned exact Drive ID and byte count; preupload SHA recorded
W4_independent/transcripts/gridruns.done	raw	NUMERICAL EVIDENCE / NONCONTROLLING	8	5c91bc5fb3c4c9ab3cc8ceee39df4d1ff7bb892e5eb34ed8f809873d8f1dd969	1OSp6dAj97hoRKOq94I_yu686nhj9JLY2	1Zh-ctv4Prtj5VD6VqQj0ynSK2s0jeklL	raw	connector-accessible; public/anyone sharing not verified	PASSED: parent listing returned exact Drive ID and byte count; preupload SHA recorded
W4_independent/transcripts/inner_scan.txt	raw	NUMERICAL EVIDENCE / NONCONTROLLING	101	ad9652cc31e79830e982f49f3e84a2e1751c1cfc2369f6816ebc7892db14acdf	1rDktHptxU8cuhcsZ0VGAfplh9pNLT5iw	1Zh-ctv4Prtj5VD6VqQj0ynSK2s0jeklL	raw	connector-accessible; public/anyone sharing not verified	PASSED: parent listing returned exact Drive ID and byte count; preupload SHA recorded
W4_independent/transcripts/kernel_verify.txt	raw	NUMERICAL EVIDENCE / NONCONTROLLING	475	e65ac8c020a6eb4f592820c3976f1b92d23b65ba23d0a4388f1746e66a48b13a	17uPvKG3m2Xyeffza3IDPItX11ApAv9M5	1Zh-ctv4Prtj5VD6VqQj0ynSK2s0jeklL	raw	connector-accessible; public/anyone sharing not verified	PASSED: parent listing returned exact Drive ID and byte count; preupload SHA recorded
W4_independent/transcripts/mc_p2.txt	raw	NUMERICAL EVIDENCE / NONCONTROLLING	139	306dbe596da226a866dfd257c0a349973a9edf88f72ea0983c772feff5f3c7b2	1KlRmBSZBxp6ABGk_vydbzWrHalv8vITm	1Zh-ctv4Prtj5VD6VqQj0ynSK2s0jeklL	raw	connector-accessible; public/anyone sharing not verified	PASSED: parent listing returned exact Drive ID and byte count; preupload SHA recorded
W4_independent/transcripts/mc_peak.txt	raw	NUMERICAL EVIDENCE / NONCONTROLLING	136	d91d601fa49fe485a5b74774d309207996d6333a3a18159835e0cd15e4f546b3	1OsXMlNckqwk1njNrBqerdcA-nN4JVemN	1Zh-ctv4Prtj5VD6VqQj0ynSK2s0jeklL	raw	connector-accessible; public/anyone sharing not verified	PASSED: parent listing returned exact Drive ID and byte count; preupload SHA recorded
W4_independent/transcripts/outer_shell.txt	raw	NUMERICAL EVIDENCE / NONCONTROLLING	51	f611462952013ded3f0c66de8f8b67a8cbef5270391f487f09fa210d67bb835b	1beWVLZUbsdDe_6uZlurnnuyGKEVXxDER	1Zh-ctv4Prtj5VD6VqQj0ynSK2s0jeklL	raw	connector-accessible; public/anyone sharing not verified	PASSED: parent listing returned exact Drive ID and byte count; preupload SHA recorded
W4_independent/transcripts/refcheck_p2.txt	raw	NUMERICAL EVIDENCE / NONCONTROLLING	139	fe60f74907681dcca9b5d71f4628304cb22c08bf19b5f0932535e6c945f3e47c	13AFqUWtCxnsVYg_jAVYPbreDrq_d0cfX	1Zh-ctv4Prtj5VD6VqQj0ynSK2s0jeklL	raw	connector-accessible; public/anyone sharing not verified	PASSED: parent listing returned exact Drive ID and byte count; preupload SHA recorded
W4_independent/transcripts/refcheck_peak.txt	raw	NUMERICAL EVIDENCE / NONCONTROLLING	303	3b59bfa727fc0698f82517a2a461a307ffd87381bd6591e62a4601c5a9414561	1cYF_P5Z56MiTApS9mLJbX8W6dwCQVm8T	1Zh-ctv4Prtj5VD6VqQj0ynSK2s0jeklL	raw	connector-accessible; public/anyone sharing not verified	PASSED: parent listing returned exact Drive ID and byte count; preupload SHA recorded
W4_independent/transcripts/refcheck_peak25.txt	raw	NUMERICAL EVIDENCE / NONCONTROLLING	138	6e01693243cc092eaf0d5985e273d586831c9f50fc142e0ca9157288e08a9d53	1qKGwDpm6O7cHVJFGxf6blRIdEMtETGKJ	1Zh-ctv4Prtj5VD6VqQj0ynSK2s0jeklL	raw	connector-accessible; public/anyone sharing not verified	PASSED: parent listing returned exact Drive ID and byte count; preupload SHA recorded
W4_independent/transcripts/wedge_fine.txt	raw	NUMERICAL EVIDENCE / NONCONTROLLING	170	77df425b028fdbd1cd3bac3c1193497d4a9d95d97bf0902803550970d98c1f26	1Di27YzoFUVtd7zfJ2ERd8pxB-yfdsmrm	1Zh-ctv4Prtj5VD6VqQj0ynSK2s0jeklL	raw	connector-accessible; public/anyone sharing not verified	PASSED: parent listing returned exact Drive ID and byte count; preupload SHA recorded
W4_independent/transcripts/wedge_finer.txt	raw	NUMERICAL EVIDENCE / NONCONTROLLING	170	6af4009a498c172200ad8cdb1b1acac000a44eb723b7486ec7fb618e68fe588d	1w5jR_rqbw6NWY3a0C3bCcQvW4veWdrjd	1Zh-ctv4Prtj5VD6VqQj0ynSK2s0jeklL	raw	connector-accessible; public/anyone sharing not verified	PASSED: parent listing returned exact Drive ID and byte count; preupload SHA recorded
W4_independent/transcripts/wedge_mid.txt	raw	NUMERICAL EVIDENCE / NONCONTROLLING	169	1174acd01bcff571d9984e5c557d89cfd87f214b5f00a5ba1b1997182c82e3fc	1D6WRCIGxHxgw5FwQYb7dCgfr82q_KY6M	1Zh-ctv4Prtj5VD6VqQj0ynSK2s0jeklL	raw	connector-accessible; public/anyone sharing not verified	PASSED: parent listing returned exact Drive ID and byte count; preupload SHA recorded
W4_independent/w4_altcheck.py	raw	NUMERICAL EVIDENCE / NONCONTROLLING	3774	24e0fe45e293c7eadd090d426340f69b8d00fed35514f59c517a508529378f23	1iTaS-IJpPHulfNDA0epiIBB2sjN24stV	1HtCt_4Ttqzt9jEV-fSrrugtRxgysjDH4	raw	connector-accessible; public/anyone sharing not verified	PASSED: parent listing returned exact Drive ID and byte count; preupload SHA recorded
W4_independent/w4_assemble.py	raw	NUMERICAL EVIDENCE / NONCONTROLLING	8064	4fee37eaf7854499c4bbcd1ff4a8bfe8e94c40e1e59c9aaedd988895987d0837	1Hd0kZ1K9BimWjm8ytjcOFi8Ke07PHukj	1HtCt_4Ttqzt9jEV-fSrrugtRxgysjDH4	raw	connector-accessible; public/anyone sharing not verified	PASSED: parent listing returned exact Drive ID and byte count; preupload SHA recorded
W4_independent/w4_condlaw.py	raw	NUMERICAL EVIDENCE / NONCONTROLLING	7848	1f35e7364a651e2413f71987c22eb8f532b30daa1d89cb54516503aad6f9614e	1qZIiBxEYXAP7_l8bhF2YmylHrK0wKCG6	1HtCt_4Ttqzt9jEV-fSrrugtRxgysjDH4	raw	connector-accessible; public/anyone sharing not verified	PASSED: parent listing returned exact Drive ID and byte count; preupload SHA recorded
W4_independent/w4_integrate.py	raw	NUMERICAL EVIDENCE / NONCONTROLLING	5704	275d1cc20716357d50e44b458533f2898c5b5f5b75b907bface04a0d478b8433	1eVac3XdQjBWODRaXWgWmTYpAQCVDRvoa	1HtCt_4Ttqzt9jEV-fSrrugtRxgysjDH4	raw	connector-accessible; public/anyone sharing not verified	PASSED: parent listing returned exact Drive ID and byte count; preupload SHA recorded
W4_independent/w4_kernel.py	raw	NUMERICAL EVIDENCE / NONCONTROLLING	8765	9ba36222b0f91cf928f335e4228c7878928cfd9e948ac2b6c8704fbffab5aad5	1Pva6ML0wcQme63jZVzfzZUc3P2oQnyMS	1HtCt_4Ttqzt9jEV-fSrrugtRxgysjDH4	raw	connector-accessible; public/anyone sharing not verified	PASSED: parent listing returned exact Drive ID and byte count; preupload SHA recorded
W4_independent/w4_map.py	raw	NUMERICAL EVIDENCE / NONCONTROLLING	2486	075f2c461af8360c4f5102fa2e2885822fff110bd48a80243cfab413fcc87999	1pOALYA0dirPFn45tRKMsD4FUfJc_faXv	1HtCt_4Ttqzt9jEV-fSrrugtRxgysjDH4	raw	connector-accessible; public/anyone sharing not verified	PASSED: parent listing returned exact Drive ID and byte count; preupload SHA recorded
W4_independent/w4_mc.py	raw	NUMERICAL EVIDENCE / NONCONTROLLING	2017	e26ad70dcaf1107634820fb215f06f9c016a71bbd43152655a3371224ce73d86	1umjZGPYbozq27wpCSZpavzu1MeIs1vk6	1HtCt_4Ttqzt9jEV-fSrrugtRxgysjDH4	raw	connector-accessible; public/anyone sharing not verified	PASSED: parent listing returned exact Drive ID and byte count; preupload SHA recorded
W4_independent/w4_probes.py	raw	NUMERICAL EVIDENCE / NONCONTROLLING	2238	9c572adaff1908b2dac57a9cf0c1b6c3cd9194b8303b9f4259563e19281290cb	1neOM6xkKkj1gRFdNEB--H6Nw9EWV6r1U	1HtCt_4Ttqzt9jEV-fSrrugtRxgysjDH4	raw	connector-accessible; public/anyone sharing not verified	PASSED: parent listing returned exact Drive ID and byte count; preupload SHA recorded
W4_independent/w4_refcheck.py	raw	NUMERICAL EVIDENCE / NONCONTROLLING	3908	b6188b0a6df20dec4f1cec10fc6ef5b30d5e291c51c33b352df229432ad540c0	1d0A9fCqI_RyvN8-w06y33Z75WuEMOy-u	1HtCt_4Ttqzt9jEV-fSrrugtRxgysjDH4	raw	connector-accessible; public/anyone sharing not verified	PASSED: parent listing returned exact Drive ID and byte count; preupload SHA recorded
W4_independent/w4_rho.py	raw	NUMERICAL EVIDENCE / NONCONTROLLING	7866	349106eb4146258e1e9eba586b1e60ff67d4430ac88f8ee7d0076b9377e44d61	1p0Vfdfr1HJrKWhJ0gRzknOhor1OYUFmd	1HtCt_4Ttqzt9jEV-fSrrugtRxgysjDH4	raw	connector-accessible; public/anyone sharing not verified	PASSED: parent listing returned exact Drive ID and byte count; preupload SHA recorded
W5_forensic/W5_REPORT.md	raw	PROVENANCE / NONCONTROLLING	21674	9b033b57df9956246d5608cc4ca415d6a76ce9bccb9cb8a24d74b8848844c703	1puDWxvPDegr_6Un3myIx_2qWv7wGwEHl	1hIL-GbYHeONGWOJ8zSXrnoxrx63tOTUy	raw	connector-accessible; public/anyone sharing not verified	PASSED: parent listing returned exact Drive ID and byte count; preupload SHA recorded
W6_uniform_r/MANIFEST.sha256	raw	REFUTED AS RIGOROUS MODULUS / NUMERICAL	1482	a55cfca96fadf0c6db786aeafcf168eafe210d9f59d34e75aa48d620c8a5c470	1-sxjk4ORjW0FMaJcLK7G9dx1Eo3uuBsp	1ffBkIIc-cliG469Otj5im7Hz4yXbZ-Ku	raw	connector-accessible; public/anyone sharing not verified	PASSED: parent listing returned exact Drive ID and byte count; preupload SHA recorded
W6_uniform_r/W6_REPORT.md	raw	REFUTED AS RIGOROUS MODULUS / NUMERICAL	15831	b031497317a23e8892e898105be6a8dd5c92562c00a9555ee78f45015849a8db	1mZcNVBlHYW8DTuJ4YZLAkssvyJLJegDT	1ffBkIIc-cliG469Otj5im7Hz4yXbZ-Ku	raw	connector-accessible; public/anyone sharing not verified	PASSED: parent listing returned exact Drive ID and byte count; preupload SHA recorded
W6_uniform_r/transcripts_cert_main.txt	raw	REFUTED AS RIGOROUS MODULUS / NUMERICAL	4326	000bfb456d51614aa3f29b00f23f5e7be64ca3611fa37ef16be584ce9c1608a9	1i3rVc5Vnm-0E2YRfRA8nvilvMNeMVHob	1ffBkIIc-cliG469Otj5im7Hz4yXbZ-Ku	raw	connector-accessible; public/anyone sharing not verified	PASSED: parent listing returned exact Drive ID and byte count; preupload SHA recorded
W6_uniform_r/transcripts_wp2_fullgrid.txt	raw	REFUTED AS RIGOROUS MODULUS / NUMERICAL	1896	ce4245af43521eacc4030cd7feacd444303adb75d2e914cd11f05874c0bdff5d	1KkPf6ezv3TkasGGHY_Mu_We34ifxeEst	1ffBkIIc-cliG469Otj5im7Hz4yXbZ-Ku	raw	connector-accessible; public/anyone sharing not verified	PASSED: parent listing returned exact Drive ID and byte count; preupload SHA recorded
W6_uniform_r/transcripts_wp2_fullgrid_O.txt	raw	REFUTED AS RIGOROUS MODULUS / NUMERICAL	1896	ce4245af43521eacc4030cd7feacd444303adb75d2e914cd11f05874c0bdff5d	1HkyjV6-76eXmqkZck0HP_P5Y6Xx1zIF-	1ffBkIIc-cliG469Otj5im7Hz4yXbZ-Ku	raw	connector-accessible; public/anyone sharing not verified	PASSED: parent listing returned exact Drive ID and byte count; preupload SHA recorded
W6_uniform_r/transcripts_wp_grid1.txt	raw	REFUTED AS RIGOROUS MODULUS / NUMERICAL	1509	8350958d28d334263b77ad2291551eddf359c98b05d88f6a4347b630300c2a27	16c1ozCBBmXvaS8llG5eq5C8C4yu3u944	1ffBkIIc-cliG469Otj5im7Hz4yXbZ-Ku	raw	connector-accessible; public/anyone sharing not verified	PASSED: parent listing returned exact Drive ID and byte count; preupload SHA recorded
W6_uniform_r/transcripts_wp_grid2.txt	raw	REFUTED AS RIGOROUS MODULUS / NUMERICAL	1661	38546d1056101a93f571627fcd154aa89a67bea0199de255a44b3bf8feec1e20	14ANX0Z7S7U0eZ3TzdYNDlAkVgIPvNbJo	1ffBkIIc-cliG469Otj5im7Hz4yXbZ-Ku	raw	connector-accessible; public/anyone sharing not verified	PASSED: parent listing returned exact Drive ID and byte count; preupload SHA recorded
W6_uniform_r/w6_analysis.py	raw	REFUTED AS RIGOROUS MODULUS / NUMERICAL	2978	7f5ff2aaf413814f10f31b7120ecaf116d4d3bad6f79f330bfea9abbb5c9bda4	1-KmXD0dCYvx0qoUEJMvfd9ArfoQnefy3	1ffBkIIc-cliG469Otj5im7Hz4yXbZ-Ku	raw	connector-accessible; public/anyone sharing not verified	PASSED: parent listing returned exact Drive ID and byte count; preupload SHA recorded
W6_uniform_r/w6_cert.py	raw	REFUTED AS RIGOROUS MODULUS / NUMERICAL	9579	47aebeb66728a4395f8fde798ef8a1fb7a0e3522a087322a6a926c4f0df94fb9	1bixXauPl1Na7nNLZanRZpYMv-5Lf_4wC	1ffBkIIc-cliG469Otj5im7Hz4yXbZ-Ku	raw	connector-accessible; public/anyone sharing not verified	PASSED: parent listing returned exact Drive ID and byte count; preupload SHA recorded
W6_uniform_r/w6_cluster.py	raw	REFUTED AS RIGOROUS MODULUS / NUMERICAL	1152	8ed11b2ee05c9300f98d529aa43f9dfc5fe957f8ac189d291007fc931d5a495c	1rcFzsrSQA-Bb_IPnBFszhjvgCWwLBL56	1ffBkIIc-cliG469Otj5im7Hz4yXbZ-Ku	raw	connector-accessible; public/anyone sharing not verified	PASSED: parent listing returned exact Drive ID and byte count; preupload SHA recorded
W6_uniform_r/w6_cs.py	raw	REFUTED AS RIGOROUS MODULUS / NUMERICAL	2715	2c78fc08f381487c6aa56b735d2314383bb429405f83d36e4233de49fc53e36c	1OYg0f5yeYsccoGEud5yCtmdcNIWPLiLg	1ffBkIIc-cliG469Otj5im7Hz4yXbZ-Ku	raw	connector-accessible; public/anyone sharing not verified	PASSED: parent listing returned exact Drive ID and byte count; preupload SHA recorded
W6_uniform_r/w6_fullzone.py	raw	REFUTED AS RIGOROUS MODULUS / NUMERICAL	1853	2d27e70474582ec9411fa605fd0f0f7b490cafd44d8e5035b6e298b27cc52038	1dxHs9XJp8US9_4lk_UBSzf_Xwp6bfZq-	1ffBkIIc-cliG469Otj5im7Hz4yXbZ-Ku	raw	connector-accessible; public/anyone sharing not verified	PASSED: parent listing returned exact Drive ID and byte count; preupload SHA recorded
W6_uniform_r/w6_kernel.py	raw	REFUTED AS RIGOROUS MODULUS / NUMERICAL	5046	35b218da82e9bb82137a940412377c77ef3ce801b4b4d127999140ca89cd2a1c	1WBzALW1bNEWBZfv9pvqD1l9O7fOv3Lce	1ffBkIIc-cliG469Otj5im7Hz4yXbZ-Ku	raw	connector-accessible; public/anyone sharing not verified	PASSED: parent listing returned exact Drive ID and byte count; preupload SHA recorded
W6_uniform_r/w6_rho.py	raw	REFUTED AS RIGOROUS MODULUS / NUMERICAL	4623	937d30a3309d6032c068167ad4760ace7271d8ae394fa6543e2cade6bb39cef3	1-QnpNTp0VVb-muMRPGgse_L6_zSHyMms	1ffBkIIc-cliG469Otj5im7Hz4yXbZ-Ku	raw	connector-accessible; public/anyone sharing not verified	PASSED: parent listing returned exact Drive ID and byte count; preupload SHA recorded
W6_uniform_r/w6_rhofast.py	raw	REFUTED AS RIGOROUS MODULUS / NUMERICAL	2478	34d0a6bab510b6308cb871f3ae4ffdd13373b96c877dee740e52ef7015e9a808	1vzb_6sSW7CiP1LJaMAhv5z05gnfIK1DP	1ffBkIIc-cliG469Otj5im7Hz4yXbZ-Ku	raw	connector-accessible; public/anyone sharing not verified	PASSED: parent listing returned exact Drive ID and byte count; preupload SHA recorded
W6_uniform_r/w6_varlaws.py	raw	REFUTED AS RIGOROUS MODULUS / NUMERICAL	1771	14a9c06e79a1550420b367243062380ccc3042cc10a280297990bab045d63306	1pcsJtHk8ZsFmAKN-l32lOaoVdhg_hpRD	1ffBkIIc-cliG469Otj5im7Hz4yXbZ-Ku	raw	connector-accessible; public/anyone sharing not verified	PASSED: parent listing returned exact Drive ID and byte count; preupload SHA recorded
W6_uniform_r/w6_wp.py	raw	REFUTED AS RIGOROUS MODULUS / NUMERICAL	3533	9dcf764d43a88334bf22a3852f6502c40fff58f8a2cb56631bb8754c41eba5e6	1wPeM8mJLEn4tPjWsTxw4YLj6MAihRYgr	1ffBkIIc-cliG469Otj5im7Hz4yXbZ-Ku	raw	connector-accessible; public/anyone sharing not verified	PASSED: parent listing returned exact Drive ID and byte count; preupload SHA recorded
W6_uniform_r/w6_wp2.py	raw	REFUTED AS RIGOROUS MODULUS / NUMERICAL	3331	8690b300becdc7050711748e4b883149c821bc119365b2699595dadc32f8aade	1700HycEffCwPZcKmm4vHEGKiRedfOIET	1ffBkIIc-cliG469Otj5im7Hz4yXbZ-Ku	raw	connector-accessible; public/anyone sharing not verified	PASSED: parent listing returned exact Drive ID and byte count; preupload SHA recorded
W6_uniform_r/w6_zone.py	raw	REFUTED AS RIGOROUS MODULUS / NUMERICAL	3215	2e73e7348777c0db6a2e44062aadac1f5b3c7cf47c32ccf54150ba57d6de5388	1pJwoWDxxQ2UshrFpmqh_Cl7SYsv3uSy3	1ffBkIIc-cliG469Otj5im7Hz4yXbZ-Ku	raw	connector-accessible; public/anyone sharing not verified	PASSED: parent listing returned exact Drive ID and byte count; preupload SHA recorded
W7_gammaloc/K3_W7_GAMMALOC_AUDIT.md	raw	CONDITIONAL MINIMALITY / NONCONTROLLING	17237	03f2e944ecc054dd36e92f907ed2a2c39b5143147716110da427d068954cc416	1Vzz83OumCg1P0d38rpJApxS2VQ8Y269c	1o9EO9H3qWAcxNeHQHFdAH4XLO4GqUSrq	raw	connector-accessible; public/anyone sharing not verified	PASSED: parent listing returned exact Drive ID and byte count; preupload SHA recorded
W7_gammaloc/K3_W7_R0_ADDENDUM.md	raw	CONDITIONAL MINIMALITY / NONCONTROLLING	5042	c0dedd630b34531fe10ca7b1951a61cac64f8993444aabd94967c58a009af44a	1FvnlHMWIOqs9dJHIlPqX_G5S8hIpfQAb	1o9EO9H3qWAcxNeHQHFdAH4XLO4GqUSrq	raw	connector-accessible; public/anyone sharing not verified	PASSED: parent listing returned exact Drive ID and byte count; preupload SHA recorded
W7_gammaloc/K3_W7_SCOPE_ADDENDUM.md	raw	CONDITIONAL MINIMALITY / NONCONTROLLING	2906	659e0bf9bc0ae29c84261e40a5ad1bfb6364ac98749c64ee35b496c360eb9f9f	1K9gkJ1To1v5IHklcSL4q7WJxGekgDdMC	1o9EO9H3qWAcxNeHQHFdAH4XLO4GqUSrq	raw	connector-accessible; public/anyone sharing not verified	PASSED: parent listing returned exact Drive ID and byte count; preupload SHA recorded
W7_gammaloc/mutation_driver.py	raw	CONDITIONAL MINIMALITY / NONCONTROLLING	3266	095ce955bfb358aaf078901fd46f75c0d107aeb66471321d96f7af60b3874d73	1EXDqzfT9EamGt-UpQAS0G8r1kdf-h5Wc	1o9EO9H3qWAcxNeHQHFdAH4XLO4GqUSrq	raw	connector-accessible; public/anyone sharing not verified	PASSED: parent listing returned exact Drive ID and byte count; preupload SHA recorded
W7_gammaloc/mutation_t_O.txt	raw	CONDITIONAL MINIMALITY / NONCONTROLLING	637	2a04b2872365327d3f2b4f1384dc70ac9968d0b559904d7759db54a9e2783e03	1Gy-MJh3xWqCNf825nqXsK9IZ28RIMPZu	1o9EO9H3qWAcxNeHQHFdAH4XLO4GqUSrq	raw	connector-accessible; public/anyone sharing not verified	PASSED: parent listing returned exact Drive ID and byte count; preupload SHA recorded
W7_gammaloc/mutation_t_normal.txt	raw	CONDITIONAL MINIMALITY / NONCONTROLLING	637	2a04b2872365327d3f2b4f1384dc70ac9968d0b559904d7759db54a9e2783e03	1Cslgn6Tlgy6hYzDCc7G0peOsGtZGZ5Cm	1o9EO9H3qWAcxNeHQHFdAH4XLO4GqUSrq	raw	connector-accessible; public/anyone sharing not verified	PASSED: parent listing returned exact Drive ID and byte count; preupload SHA recorded
W7_gammaloc/mutation_workspace/M1_pristine_accept.json	raw	CONDITIONAL MINIMALITY / NONCONTROLLING	1401	4f98f64dc6ddbf0904fc7cb4fb0d93adb902e2bb2967b692299c7373f827e23f	1ALMTNVF9DDkrw-10qQXVYqDZ5yumqUG2	1M_aiHiGMPmUI_ChTzZx65kF1CpxtyQNZ	raw	connector-accessible; public/anyone sharing not verified	PASSED: parent listing returned exact Drive ID and byte count; preupload SHA recorded
W7_gammaloc/mutation_workspace/M2_total_above_gate.json	raw	CONDITIONAL MINIMALITY / NONCONTROLLING	1384	28226c7aac232d5e48c761554751f4f3fe133beb235b6098adec1e8ee3583aca	1SWPX61e4W-R23xIQiz-OW_bkghzrwwwS	1M_aiHiGMPmUI_ChTzZx65kF1CpxtyQNZ	raw	connector-accessible; public/anyone sharing not verified	PASSED: parent listing returned exact Drive ID and byte count; preupload SHA recorded
W7_gammaloc/mutation_workspace/M3_gate_shrunk.json	raw	CONDITIONAL MINIMALITY / NONCONTROLLING	1400	8aac339ce577ac5f7e85d5b4ccee4d29b9277a608e8c98ecb55149527ce0ffae	1PaStPzQVGnuW7euMcbE6QnBFhx5-asG5	1M_aiHiGMPmUI_ChTzZx65kF1CpxtyQNZ	raw	connector-accessible; public/anyone sharing not verified	PASSED: parent listing returned exact Drive ID and byte count; preupload SHA recorded
W7_gammaloc/mutation_workspace/M4_station_v_corrupt.json	raw	CONDITIONAL MINIMALITY / NONCONTROLLING	1387	7bb21f4ce7475ceeaecfbd4b6d8a9323a1af9b46c1d1912f1c6953b81eace35e	1JLxTXyenBjlZcFv5lxhtu0ZFWENUeT7c	1M_aiHiGMPmUI_ChTzZx65kF1CpxtyQNZ	raw	connector-accessible; public/anyone sharing not verified	PASSED: parent listing returned exact Drive ID and byte count; preupload SHA recorded
W7_gammaloc/mutation_workspace/M5_station_dropped.json	raw	CONDITIONAL MINIMALITY / NONCONTROLLING	1230	b0407087e77a7b65b45b8a31baa5a47769cf31263df74616dc2b42f3a1ae0193	1jW1X98zRVTeDhcO8Hniu73uEgZiUe7ou	1M_aiHiGMPmUI_ChTzZx65kF1CpxtyQNZ	raw	connector-accessible; public/anyone sharing not verified	PASSED: parent listing returned exact Drive ID and byte count; preupload SHA recorded
W7_gammaloc/mutation_workspace/M6_sum_inconsistent.json	raw	CONDITIONAL MINIMALITY / NONCONTROLLING	1401	6c0a2af8b92a5d4ebd2141e0057138909ff872a3d46c1848b5eeaf5e08379f94	154W4wCMU279cwARNoORTX9PlZWj9qNZz	1M_aiHiGMPmUI_ChTzZx65kF1CpxtyQNZ	raw	connector-accessible; public/anyone sharing not verified	PASSED: parent listing returned exact Drive ID and byte count; preupload SHA recorded
W7_gammaloc/mutation_workspace/M7_rice_corrupt.json	raw	CONDITIONAL MINIMALITY / NONCONTROLLING	1401	6519c6046e6191522e1d47574fca0db08f51ad56d726b2823358794fc5c15fb7	1KH8Nkgxykt71L4UnYsFH5EM__WL73fHc	1M_aiHiGMPmUI_ChTzZx65kF1CpxtyQNZ	raw	connector-accessible; public/anyone sharing not verified	PASSED: parent listing returned exact Drive ID and byte count; preupload SHA recorded
W7_gammaloc/mutation_workspace/M8_closes_flipped.json	raw	CONDITIONAL MINIMALITY / NONCONTROLLING	1402	3fc367d4ce2037604f623f58f5cc2d1c0ec09d73c8bbc416fa3ef661e9ee2b03	1xQhD0yFOteKRc5G89QDT48PG0XXLdaxK	1M_aiHiGMPmUI_ChTzZx65kF1CpxtyQNZ	raw	connector-accessible; public/anyone sharing not verified	PASSED: parent listing returned exact Drive ID and byte count; preupload SHA recorded
W7_gammaloc/mutation_workspace/M9_truncated.json	raw	CONDITIONAL MINIMALITY / NONCONTROLLING	801	6e0962393c23254571403622b5ee11e107125651a7e82d0b2c1161dc5edbd5ab	1Xg2-3QuHKqFf4nNjqoJlSiG8iZtPtHBv	1M_aiHiGMPmUI_ChTzZx65kF1CpxtyQNZ	raw	connector-accessible; public/anyone sharing not verified	PASSED: parent listing returned exact Drive ID and byte count; preupload SHA recorded
W7_gammaloc/verify_k3_w7_gammaloc_v1.py	raw	CONDITIONAL MINIMALITY / NONCONTROLLING	15599	e16054ef132749029f6dd0075f26d609fa296905db470c74ef300adcbf9c84f8	1Y4_MX_AiXpZDnjsMR2P3ZKC2tq44uMhd	1o9EO9H3qWAcxNeHQHFdAH4XLO4GqUSrq	raw	connector-accessible; public/anyone sharing not verified	PASSED: parent listing returned exact Drive ID and byte count; preupload SHA recorded
W7_gammaloc/verify_t_O.txt	raw	CONDITIONAL MINIMALITY / NONCONTROLLING	5774	19c3c0099e0c1ca06fd1908827baeb40534e71759dbfd28b4efa244cc7864310	1Xwj3PXkK9Kqh9K8kS3LUVRlz3KcPNqqY	1o9EO9H3qWAcxNeHQHFdAH4XLO4GqUSrq	raw	connector-accessible; public/anyone sharing not verified	PASSED: parent listing returned exact Drive ID and byte count; preupload SHA recorded
W7_gammaloc/verify_t_normal.txt	raw	CONDITIONAL MINIMALITY / NONCONTROLLING	5774	19c3c0099e0c1ca06fd1908827baeb40534e71759dbfd28b4efa244cc7864310	19btu_AJIJGL80lJIUIMW9d-cliqvhPrw	1o9EO9H3qWAcxNeHQHFdAH4XLO4GqUSrq	raw	connector-accessible; public/anyone sharing not verified	PASSED: parent listing returned exact Drive ID and byte count; preupload SHA recorded
W8_lambda/KIMI-DER-027c_NONCLOSURE.md	raw	FORMAL NONCLOSURE / INCOMPLETE RECEIPTS	11955	b9ca525def46f0d0a431bdd8ec1aa946b6febf430f0f7b261a5ec4c599ded049	1A9SbscERLL6X13gVobsfR5hTuYO3UgR0	1fr1Mnwx-ECWTWJC7FJ4HBhwyF19oU-MR	raw	connector-accessible; public/anyone sharing not verified	PASSED: parent listing returned exact Drive ID and byte count; preupload SHA recorded
W8_lambda/mutation_receipts.txt	raw	FORMAL NONCLOSURE / INCOMPLETE RECEIPTS	673	650702accc53e98ef0ff6d76ca619f5aed7ee6ddc75e543506f3004111349699	1qCsLvxpKvW4BZK5nyD3nwH2b_n7wzqxM	1fr1Mnwx-ECWTWJC7FJ4HBhwyF19oU-MR	raw	connector-accessible; public/anyone sharing not verified	PASSED: parent listing returned exact Drive ID and byte count; preupload SHA recorded
W8_lambda/transcripts/transcript_normal.txt	raw	FORMAL NONCLOSURE / INCOMPLETE RECEIPTS	3041	9641bd569e59115d38d6e9d805254bc7e7453652411097da06db508b65a152e0	1W0-8sBkTMte7DFA7w7-vsZpCSEl2UG3M	12uC6y1g0raWrpPtZYu_ABekG0SLD3BVC	raw	connector-accessible; public/anyone sharing not verified	PASSED: parent listing returned exact Drive ID and byte count; preupload SHA recorded
W10_dependency/HASHES.txt	raw	CONDITIONAL COMPOSITION THEORY / LOAD-PATH GAP	313	c0b421474d89387717a148b2e449375d3504ad4af4c8e825024718f64675df60	1KL5JTr2_pKUHsAxhcPL_5ym9-BQ5VVM6	17dh9JPtvpuQvYdZLyjJszf1chtdHK5ND	raw	connector-accessible; public/anyone sharing not verified	PASSED: parent listing returned exact Drive ID and byte count; preupload SHA recorded
W10_dependency/W10_REPORT.md	raw	CONDITIONAL COMPOSITION THEORY / LOAD-PATH GAP	32989	67c7fe63e168060b9db1f2279de5d88e7f804508a0e4e98a90afbec468ee21d1	1Ls7kwptRf7XGjmy2y4fZV3lbCtznzsK7	17dh9JPtvpuQvYdZLyjJszf1chtdHK5ND	raw	connector-accessible; public/anyone sharing not verified	PASSED: parent listing returned exact Drive ID and byte count; preupload SHA recorded
W10_dependency/t_O.txt	raw	CONDITIONAL COMPOSITION THEORY / LOAD-PATH GAP	1883	20bff6dcfe2137d7b8eeef7819e44e21142f61fbd1b788dc1dd5f5bfee0ca40b	1SrNCdq1dlU1uVpiNoQK9BJz45UZqkgyd	17dh9JPtvpuQvYdZLyjJszf1chtdHK5ND	raw	connector-accessible; public/anyone sharing not verified	PASSED: parent listing returned exact Drive ID and byte count; preupload SHA recorded
W10_dependency/t_normal.txt	raw	CONDITIONAL COMPOSITION THEORY / LOAD-PATH GAP	1883	20bff6dcfe2137d7b8eeef7819e44e21142f61fbd1b788dc1dd5f5bfee0ca40b	1VLAg0hy2VG-YYTKBcBToityEeZOkviIU	17dh9JPtvpuQvYdZLyjJszf1chtdHK5ND	raw	connector-accessible; public/anyone sharing not verified	PASSED: parent listing returned exact Drive ID and byte count; preupload SHA recorded
W10_dependency/w10_sanity.py	raw	CONDITIONAL COMPOSITION THEORY / LOAD-PATH GAP	8368	2371390fb68647b41b5f66eef424cbfbb04ed39a8a048c54d57dba7be6eb57cb	1Q5qs-nv29WXscL10GBr2AnEvuKMxRVs-	17dh9JPtvpuQvYdZLyjJszf1chtdHK5ND	raw	connector-accessible; public/anyone sharing not verified	PASSED: parent listing returned exact Drive ID and byte count; preupload SHA recorded
W11_literature/W11_REPORT.md	raw	METHODS SUPPORT / NONCONTROLLING	37346	5dcd89be8820ed1df80a9e7024150bd1362df539f8adf1e2a737c35a7184b937	1J4QXsSoVicgycsDdmoFDa14totBgz8-M	1Z0f9RZxDxAqPfq0ndniHb7qOWG9j1BjF	raw	connector-accessible; public/anyone sharing not verified	PASSED: parent listing returned exact Drive ID and byte count; preupload SHA recorded
W12_redteam/W12_AUDIT.md	raw	FROZEN RED-TEAM SNAPSHOT / SUPERSEDED IN PART	28489	5e6b00bbbf18d6bce234bcb50e999c50ead6523961cf612f400749b824bd9025	1yLTWRg0PLiu9EaX_U7uZe4gi-rKvkv7h	1_Np6azMx_vi71SMgP56dF__F22oaaUkP	raw	connector-accessible; public/anyone sharing not verified	PASSED: parent listing returned exact Drive ID and byte count; preupload SHA recorded
W9_scope_027a/MANIFEST.sha256	raw	UNPROVED UNIFORM CONTINUATION / PARTIAL	1227	30d4aed7d63158cecae5f50c55b5e86d6c9677b63e61b1ec998b8f174c749502	1VH_VehD-3xzXO7-vosw2Id_WFILbnwpf	1XagV6OXAQhMBaRJEDnjo5YCzymZu6mPd	raw	connector-accessible; public/anyone sharing not verified	PASSED: parent listing returned exact Drive ID and byte count; preupload SHA recorded
W9_scope_027a/audit_scope_027a_v1.O.out.txt	raw	UNPROVED UNIFORM CONTINUATION / PARTIAL	17093	d6cfc8fb7b351ee21e24b9e941e8e5747d51f2487ee6e8bb71acab2b9d244f46	1U-Wh_oTcuCY5h2d1eosWToFgx_VhA81D	1XagV6OXAQhMBaRJEDnjo5YCzymZu6mPd	raw	connector-accessible; public/anyone sharing not verified	PASSED: parent listing returned exact Drive ID and byte count; preupload SHA recorded
W9_scope_027a/audit_scope_027a_v1.out.txt	raw	UNPROVED UNIFORM CONTINUATION / PARTIAL	17093	d6cfc8fb7b351ee21e24b9e941e8e5747d51f2487ee6e8bb71acab2b9d244f46	1G7lD2Vzben8CkmieoqMb2KW8UfJYFecz	1XagV6OXAQhMBaRJEDnjo5YCzymZu6mPd	raw	connector-accessible; public/anyone sharing not verified	PASSED: parent listing returned exact Drive ID and byte count; preupload SHA recorded
W9_scope_027a/audit_scope_027a_v1.py	raw	UNPROVED UNIFORM CONTINUATION / PARTIAL	42404	12af9e2db57c950b1f2e1a364fba871c9db5e878ee624618b400c16c69e937e0	1LPkojR_WxWBst3oFaFu0lc3myzv9YA1-	1XagV6OXAQhMBaRJEDnjo5YCzymZu6mPd	raw	connector-accessible; public/anyone sharing not verified	PASSED: parent listing returned exact Drive ID and byte count; preupload SHA recorded
W9_scope_027a/audit_scope_027a_v1_report.md	raw	UNPROVED UNIFORM CONTINUATION / PARTIAL	12911	cdf8c973de2874a11942675d717635d1e005a7a3658339fde1d73620956386b8	1b5VWecMv-c-S--jm7Tm6tXw-OvVTC6Ne	1XagV6OXAQhMBaRJEDnjo5YCzymZu6mPd	raw	connector-accessible; public/anyone sharing not verified	PASSED: parent listing returned exact Drive ID and byte count; preupload SHA recorded
W9_scope_027c/K3-DER-027c-SCOPE-AUDIT.md	raw	HOUSE-GRADE FINITE INTERVAL / PARTIAL	13317	5b8ef6392a5794c40e4bb9ca587b5e3e9cacd5ee56187f703c9fc8169cd733f7	1jUq73SB3R4Plw0MPnwW6GwPsFaWz4TXU	1DK1CfDNHa-aLPte2j5fWypJQI88yLZ2g	raw	connector-accessible; public/anyone sharing not verified	PASSED: parent listing returned exact Drive ID and byte count; preupload SHA recorded
W9_scope_027c/mutations/m1_quote_gate.py	raw	HOUSE-GRADE FINITE INTERVAL / PARTIAL	46977	9ea7477ff6f64679c0add79bb39ed13135ff1738894a456f0d148d2d27c0c7b5	1nOiHu7D1KM0n2Zj2HKH8a7W4BQYW-Y9f	10tqxkBVIM9UoB2Gma6_C39dTO-oUgaKE	raw	connector-accessible; public/anyone sharing not verified	PASSED: parent listing returned exact Drive ID and byte count; preupload SHA recorded
W9_scope_027c/mutations/m1_quote_gate_receipt.txt	raw	HOUSE-GRADE FINITE INTERVAL / PARTIAL	2141	27ba7a8ea36936efd1608460639b66319c72bb5353baddcc2a7c3bf8f5fd1768	1sMTZYoijw5rSd4YFrBs0MKoiLTtxCBku	10tqxkBVIM9UoB2Gma6_C39dTO-oUgaKE	raw	connector-accessible; public/anyone sharing not verified	PASSED: parent listing returned exact Drive ID and byte count; preupload SHA recorded
W9_scope_027c/mutations/m2_chain_gate.py	raw	HOUSE-GRADE FINITE INTERVAL / PARTIAL	46976	81be03c57f960cb55e38be2e00700bd104dd30fc2308f0f409bfc14b03f5e2a2	1XX1QjTY8QICd8Q0Inp2_GEzwti-DkGU7	10tqxkBVIM9UoB2Gma6_C39dTO-oUgaKE	raw	connector-accessible; public/anyone sharing not verified	PASSED: parent listing returned exact Drive ID and byte count; preupload SHA recorded
W9_scope_027c/mutations/m2_chain_gate_receipt.txt	raw	HOUSE-GRADE FINITE INTERVAL / PARTIAL	9907	891edab0aa3e1651e27de863c280648fcd4e66d8487f33739c6d1c52e7adfffe	1-WQIJBeao6PXeuxxdm0H960Af1fHEL0Z	10tqxkBVIM9UoB2Gma6_C39dTO-oUgaKE	raw	connector-accessible; public/anyone sharing not verified	PASSED: parent listing returned exact Drive ID and byte count; preupload SHA recorded
W9_scope_027c/mutations/m3_ladder_gate.py	raw	HOUSE-GRADE FINITE INTERVAL / PARTIAL	46976	d7de20dc0dc0f0f6ee1e1736df14f2335a5f73fb87a37d407d8959a35413d629	1gRd2aKK_sD8wUi0ESEGJjGraYM8JC5Zv	10tqxkBVIM9UoB2Gma6_C39dTO-oUgaKE	raw	connector-accessible; public/anyone sharing not verified	PASSED: parent listing returned exact Drive ID and byte count; preupload SHA recorded
W9_scope_027c/mutations/m3_ladder_gate_receipt.txt	raw	HOUSE-GRADE FINITE INTERVAL / PARTIAL	5045	ac1c604ce5efbfb2fa7ac915119cee1a4c610ddf08e23e5498fbc76449e64af3	1R4NMCXUfmM4bz6vcFeasXOiQatZ-eGz2	10tqxkBVIM9UoB2Gma6_C39dTO-oUgaKE	raw	connector-accessible; public/anyone sharing not verified	PASSED: parent listing returned exact Drive ID and byte count; preupload SHA recorded
W9_scope_027c/mutations/m4_scope_gate.py	raw	HOUSE-GRADE FINITE INTERVAL / PARTIAL	46976	fb18b709ff5a2732c0a2ba53a1f961e452533a080f06a1b2234f73be88b19008	1hCE_TVL2ypBluZySSRzwlvX0_5pyNUE-	10tqxkBVIM9UoB2Gma6_C39dTO-oUgaKE	raw	connector-accessible; public/anyone sharing not verified	PASSED: parent listing returned exact Drive ID and byte count; preupload SHA recorded
W9_scope_027c/mutations/m4_scope_gate_receipt.txt	raw	HOUSE-GRADE FINITE INTERVAL / PARTIAL	3717	68d348e1c33eac7d01bcbd617b83e28154e6b2daf0f21e89a2da8a252c788af3	1d4UO3Q4nCQZz5VV6AQAsU4n90TKrvMCA	10tqxkBVIM9UoB2Gma6_C39dTO-oUgaKE	raw	connector-accessible; public/anyone sharing not verified	PASSED: parent listing returned exact Drive ID and byte count; preupload SHA recorded
W9_scope_027c/t_O.txt	raw	HOUSE-GRADE FINITE INTERVAL / PARTIAL	17581	3dd113e32922321e60cec4ae36e08d13a2cc85b00cf617b7035f647db66ef99a	1NXk-qRfKMV1gWTQhcW8fkltYIKNSxn_4	1DK1CfDNHa-aLPte2j5fWypJQI88yLZ2g	raw	connector-accessible; public/anyone sharing not verified	PASSED: parent listing returned exact Drive ID and byte count; preupload SHA recorded
W9_scope_027c/t_normal.txt	raw	HOUSE-GRADE FINITE INTERVAL / PARTIAL	17581	3dd113e32922321e60cec4ae36e08d13a2cc85b00cf617b7035f647db66ef99a	1x1q0sW6mxOFK3FrPzTpg4qVuMZvio5h4	1DK1CfDNHa-aLPte2j5fWypJQI88yLZ2g	raw	connector-accessible; public/anyone sharing not verified	PASSED: parent listing returned exact Drive ID and byte count; preupload SHA recorded
W9_scope_027c/verify_ridge_scope_continuation_v1.py	raw	HOUSE-GRADE FINITE INTERVAL / PARTIAL	46977	4c1a8523812bf600bde41b486ee1e6cf45d71ec0fe707d89598f7f8c03f9ac97	1gdGz_-lP2v-JE5fqeoO6Qggew0SK9qi6	1DK1CfDNHa-aLPte2j5fWypJQI88yLZ2g	raw	connector-accessible; public/anyone sharing not verified	PASSED: parent listing returned exact Drive ID and byte count; preupload SHA recorded
W13_reproduction/MANIFEST.check.sha256	raw	STALE LIVE-TREE SNAPSHOT / NONCONTROLLING	24369	ef5fb9fa5cb14d08797a1e6cfbc05cee659ff743015d29d3491854825f18d86a	1ntUJSQxUDmAZMBpLLkEl8S_VH5oQYmuY	1GWy8KqfqbjwnxAgg4Vo5sj-P206Axw4P	raw	connector-accessible; public/anyone sharing not verified	PASSED: parent listing returned exact Drive ID and byte count; preupload SHA recorded
W13_reproduction/W13_REPRODUCTION_REPORT.md	raw	STALE LIVE-TREE SNAPSHOT / NONCONTROLLING	12689	5085ea51443edb0cd50bf155b075462993ba7b230003707eb3e316a1e035ed74	1JUfqN9cPZWndHsim-gCApPgkjTA46MzH	1GWy8KqfqbjwnxAgg4Vo5sj-P206Axw4P	raw	connector-accessible; public/anyone sharing not verified	PASSED: parent listing returned exact Drive ID and byte count; preupload SHA recorded
W13_reproduction/build_manifest.py	raw	STALE LIVE-TREE SNAPSHOT / NONCONTROLLING	1651	06cc95ff8ad268c617855b4dc1f5f78a903f712966f9f6bad0b3bbb4962551c5	1U2ur8m_QT-AVee1fe0LiJEa04xbvGIUV	1GWy8KqfqbjwnxAgg4Vo5sj-P206Axw4P	raw	connector-accessible; public/anyone sharing not verified	PASSED: parent listing returned exact Drive ID and byte count; preupload SHA recorded
W13_reproduction/byte_audit.py	raw	STALE LIVE-TREE SNAPSHOT / NONCONTROLLING	1948	1303682df66d6088ae561a85525e87ce33834e90c010644656bc35c5db23484e	1J4OV8BS554BYqChuw7yYUcmz_XkvMMcd	1GWy8KqfqbjwnxAgg4Vo5sj-P206Axw4P	raw	connector-accessible; public/anyone sharing not verified	PASSED: parent listing returned exact Drive ID and byte count; preupload SHA recorded
W13_reproduction/byte_discipline.txt	raw	STALE LIVE-TREE SNAPSHOT / NONCONTROLLING	913	4558ccc539137a74a2d45ec4328da6595bad1f71c192700139fcd4a5f5ab0336	1iBQBOvg8aXMLPaFVNUQHuVS2QcnQ-mSg	1GWy8KqfqbjwnxAgg4Vo5sj-P206Axw4P	raw	connector-accessible; public/anyone sharing not verified	PASSED: parent listing returned exact Drive ID and byte count; preupload SHA recorded
W13_reproduction/cleanrun.sh	raw	STALE LIVE-TREE SNAPSHOT / NONCONTROLLING	491	5814000f9d13c2605de4c8db1d4e63bf8257df2086b908c0d4936e953768c091	1PV9S5cII_3af_kepgZaBixgurnbuizuy	1GWy8KqfqbjwnxAgg4Vo5sj-P206Axw4P	raw	connector-accessible; public/anyone sharing not verified	PASSED: parent listing returned exact Drive ID and byte count; preupload SHA recorded
W13_reproduction/cleanrun2.sh	raw	STALE LIVE-TREE SNAPSHOT / NONCONTROLLING	417	df3e0baf62536dd5aa69dda1a30b82596c8173a828bd97d1247c436a38733596	1XnZhGj2myFFeg0g-OQvWWygxi04cuab_	1GWy8KqfqbjwnxAgg4Vo5sj-P206Axw4P	raw	connector-accessible; public/anyone sharing not verified	PASSED: parent listing returned exact Drive ID and byte count; preupload SHA recorded
W13_reproduction/hash_W4_independent.txt	raw	STALE LIVE-TREE SNAPSHOT / NONCONTROLLING	967	971d6968bae78a0b9b8eabea5d97f7f6ef8eb9ff67d15110e7689b78032707cf	16c5fu85nqabZ_-tt8eMmypd2rHmE7TQX	1GWy8KqfqbjwnxAgg4Vo5sj-P206Axw4P	raw	connector-accessible; public/anyone sharing not verified	PASSED: parent listing returned exact Drive ID and byte count; preupload SHA recorded
W13_reproduction/hash_W6_uniform_r.txt	raw	STALE LIVE-TREE SNAPSHOT / NONCONTROLLING	358	d33ed6e631edcc3ea1e7b39b16ea164c230b5ddebb0840c56433869c7299a6fd	1l5rl7N4xJLHCDF6BeFLYSkOoZwQ9RLJA	1GWy8KqfqbjwnxAgg4Vo5sj-P206Axw4P	raw	connector-accessible; public/anyone sharing not verified	PASSED: parent listing returned exact Drive ID and byte count; preupload SHA recorded
W13_reproduction/hash_W9a.txt	raw	STALE LIVE-TREE SNAPSHOT / NONCONTROLLING	457	17ffed157330b72743b8d124ea762179cb70b6eca1b6d40273687a071d754aae	1xmVV3Q7X8WvFLOdj-0RotO86d-9Tu51t	1GWy8KqfqbjwnxAgg4Vo5sj-P206Axw4P	raw	connector-accessible; public/anyone sharing not verified	PASSED: parent listing returned exact Drive ID and byte count; preupload SHA recorded
W13_reproduction/hash_input_manifest.txt	raw	STALE LIVE-TREE SNAPSHOT / NONCONTROLLING	31598	a16baf8622440f2c3dcfbb97dcdb6cbe4bd35695d803c8c38be40f9cc64d5f23	1AMWQoomIeQpc1ztnozX0UzVi8UIuUE14	1GWy8KqfqbjwnxAgg4Vo5sj-P206Axw4P	raw	connector-accessible; public/anyone sharing not verified	PASSED: parent listing returned exact Drive ID and byte count; preupload SHA recorded
W13_reproduction/hash_input_manifest_recovered.txt	raw	STALE LIVE-TREE SNAPSHOT / NONCONTROLLING	1582	b791407e5786154d2072f7e759f48e4b9199ab00af3356d9d55c61ecf877bb6d	1hLHqi-TuVIQePScocUI67Fg79YqIRkeW	1GWy8KqfqbjwnxAgg4Vo5sj-P206Axw4P	raw	connector-accessible; public/anyone sharing not verified	PASSED: parent listing returned exact Drive ID and byte count; preupload SHA recorded
W13_reproduction/runs/w10_O.out	raw	STALE LIVE-TREE SNAPSHOT / NONCONTROLLING	1883	20bff6dcfe2137d7b8eeef7819e44e21142f61fbd1b788dc1dd5f5bfee0ca40b	1WGo7rmYHL2xbgYy6bWqvTGGyS01DxAXp	18YpU253UiRCvnyolvJk5pPxcBYTEYTmb	raw	connector-accessible; public/anyone sharing not verified	PASSED: parent listing returned exact Drive ID and byte count; preupload SHA recorded
W13_reproduction/runs/w10_O.out.rc	raw	STALE LIVE-TREE SNAPSHOT / NONCONTROLLING	2	9a271f2a916b0b6ee6cecb2426f0b3206ef074578be55d9bc94f6f3fe3ab86aa	1-0hh8likphrWaRPeanTFFvwTZgg1duQm	18YpU253UiRCvnyolvJk5pPxcBYTEYTmb	raw	connector-accessible; public/anyone sharing not verified	PASSED: parent listing returned exact Drive ID and byte count; preupload SHA recorded
W13_reproduction/runs/w10_O.out.time	raw	STALE LIVE-TREE SNAPSHOT / NONCONTROLLING	5	75f95d34c899a792823b9bf9b0d516bb4b8ecf7b9d02db2e41e63220feb1ab19	1AAHK-f2iNn8_2fv9P4QJHsXpNUTPEuS2	18YpU253UiRCvnyolvJk5pPxcBYTEYTmb	raw	connector-accessible; public/anyone sharing not verified	PASSED: parent listing returned exact Drive ID and byte count; preupload SHA recorded
W13_reproduction/runs/w10_normal.out	raw	STALE LIVE-TREE SNAPSHOT / NONCONTROLLING	1883	20bff6dcfe2137d7b8eeef7819e44e21142f61fbd1b788dc1dd5f5bfee0ca40b	1ikpf0HWEJQz3quyBCk5ex9UEiGD2WXXn	18YpU253UiRCvnyolvJk5pPxcBYTEYTmb	raw	connector-accessible; public/anyone sharing not verified	PASSED: parent listing returned exact Drive ID and byte count; preupload SHA recorded
W13_reproduction/runs/w10_normal.out.rc	raw	STALE LIVE-TREE SNAPSHOT / NONCONTROLLING	2	9a271f2a916b0b6ee6cecb2426f0b3206ef074578be55d9bc94f6f3fe3ab86aa	16gABL2YKG4c2nFyvjoiCnopKJYJEY9kJ	18YpU253UiRCvnyolvJk5pPxcBYTEYTmb	raw	connector-accessible; public/anyone sharing not verified	PASSED: parent listing returned exact Drive ID and byte count; preupload SHA recorded
W13_reproduction/runs/w10_normal.out.time	raw	STALE LIVE-TREE SNAPSHOT / NONCONTROLLING	5	c3accad710fb36dc12a327dd9919b5d64f4e6e329ef862f2e9adf7cf1d3ff080	1Nw3g0yYXeDAKAYtcNt4oQK-TmyX38K2l	18YpU253UiRCvnyolvJk5pPxcBYTEYTmb	raw	connector-accessible; public/anyone sharing not verified	PASSED: parent listing returned exact Drive ID and byte count; preupload SHA recorded
W13_reproduction/runs/w2_O.err	raw	STALE LIVE-TREE SNAPSHOT / NONCONTROLLING	23	3444efcc0af103c381ce2af2efaf057dc9052f34c8937552de43770521cd8112	18q3er0wVGQKg5PzeRYsxlffwJckxfy7y	18YpU253UiRCvnyolvJk5pPxcBYTEYTmb	raw	connector-accessible; public/anyone sharing not verified	PASSED: parent listing returned exact Drive ID and byte count; preupload SHA recorded
W13_reproduction/runs/w2_O.out	raw	STALE LIVE-TREE SNAPSHOT / NONCONTROLLING	7726	14b12b2243e4dd5f927b0320fa87be710f8a509a7563d93c9ba76e044ebedb2a	1epS3n9b-2LjWu9HpLEzgaOWbVLe9keLi	18YpU253UiRCvnyolvJk5pPxcBYTEYTmb	raw	connector-accessible; public/anyone sharing not verified	PASSED: parent listing returned exact Drive ID and byte count; preupload SHA recorded
W13_reproduction/runs/w2_O.out.err	raw	STALE LIVE-TREE SNAPSHOT / NONCONTROLLING	152	1b8bf8ba65f23cee1bf67992693233173d8344075b2f8f5070ea628d1e4f648f	1GTEDVOnBDS9xPNjIACG20zwYFLxc0zAl	18YpU253UiRCvnyolvJk5pPxcBYTEYTmb	raw	connector-accessible; public/anyone sharing not verified	PASSED: parent listing returned exact Drive ID and byte count; preupload SHA recorded
W13_reproduction/runs/w2_O.out.time	raw	STALE LIVE-TREE SNAPSHOT / NONCONTROLLING	6	79d92e0d26d9d87dbf3c87af800aa84382fbf322544696a59a267aa7809d31ef	1etRaWd8UIWlMs2JQ0_ZNErL7PYljX5wp	18YpU253UiRCvnyolvJk5pPxcBYTEYTmb	raw	connector-accessible; public/anyone sharing not verified	PASSED: parent listing returned exact Drive ID and byte count; preupload SHA recorded
W13_reproduction/runs/w2_normal.err	raw	STALE LIVE-TREE SNAPSHOT / NONCONTROLLING	23	3444efcc0af103c381ce2af2efaf057dc9052f34c8937552de43770521cd8112	1RlAITXwiHOJtXHLfGA2wRFR1CdRecmqS	18YpU253UiRCvnyolvJk5pPxcBYTEYTmb	raw	connector-accessible; public/anyone sharing not verified	PASSED: parent listing returned exact Drive ID and byte count; preupload SHA recorded
W13_reproduction/runs/w2_normal.out	raw	STALE LIVE-TREE SNAPSHOT / NONCONTROLLING	7726	14b12b2243e4dd5f927b0320fa87be710f8a509a7563d93c9ba76e044ebedb2a	1VV8_HVj8rKRnWM994FEfb_7MvZEQMPBz	18YpU253UiRCvnyolvJk5pPxcBYTEYTmb	raw	connector-accessible; public/anyone sharing not verified	PASSED: parent listing returned exact Drive ID and byte count; preupload SHA recorded
W13_reproduction/runs/w2_normal.out.err	raw	STALE LIVE-TREE SNAPSHOT / NONCONTROLLING	152	1b8bf8ba65f23cee1bf67992693233173d8344075b2f8f5070ea628d1e4f648f	1_5qozSDPCCdILiWgGHbe8AnCC9j4JT_n	18YpU253UiRCvnyolvJk5pPxcBYTEYTmb	raw	connector-accessible; public/anyone sharing not verified	PASSED: parent listing returned exact Drive ID and byte count; preupload SHA recorded
W13_reproduction/runs/w2_normal.out.time	raw	STALE LIVE-TREE SNAPSHOT / NONCONTROLLING	6	a65e8ef59e72610cb64472bf6a74cfd6cb91a700610469d38a1e88e8b96cd53c	1bXfht9EfK6l13Y9ch3w3-8l1Vu4XJJMK	18YpU253UiRCvnyolvJk5pPxcBYTEYTmb	raw	connector-accessible; public/anyone sharing not verified	PASSED: parent listing returned exact Drive ID and byte count; preupload SHA recorded
W13_reproduction/runs/w6cert_O.out	raw	STALE LIVE-TREE SNAPSHOT / NONCONTROLLING	4326	000bfb456d51614aa3f29b00f23f5e7be64ca3611fa37ef16be584ce9c1608a9	1XJFLLQYME8Rv0pdc59zW-u0jX-Yd6OSR	18YpU253UiRCvnyolvJk5pPxcBYTEYTmb	raw	connector-accessible; public/anyone sharing not verified	PASSED: parent listing returned exact Drive ID and byte count; preupload SHA recorded
W13_reproduction/runs/w6cert_O.out.rc	raw	STALE LIVE-TREE SNAPSHOT / NONCONTROLLING	2	9a271f2a916b0b6ee6cecb2426f0b3206ef074578be55d9bc94f6f3fe3ab86aa	1-itZemz5jOMRb_RN0zQ35kAH5k4Orqx2	18YpU253UiRCvnyolvJk5pPxcBYTEYTmb	raw	connector-accessible; public/anyone sharing not verified	PASSED: parent listing returned exact Drive ID and byte count; preupload SHA recorded
W13_reproduction/runs/w6cert_O.out.time	raw	STALE LIVE-TREE SNAPSHOT / NONCONTROLLING	6	8af8773689474ce1204e898bc107b0bfad4b9d0fe3f47bd41f02901a92e9fdfb	1YRf0Sea-JQVQUUHycRygIeRqEVVhZa96	18YpU253UiRCvnyolvJk5pPxcBYTEYTmb	raw	connector-accessible; public/anyone sharing not verified	PASSED: parent listing returned exact Drive ID and byte count; preupload SHA recorded
W13_reproduction/runs/w6cert_normal.out	raw	STALE LIVE-TREE SNAPSHOT / NONCONTROLLING	4326	000bfb456d51614aa3f29b00f23f5e7be64ca3611fa37ef16be584ce9c1608a9	13J3S2ow8Tyk9MqxXHbl9kIdKuwUrxs9z	18YpU253UiRCvnyolvJk5pPxcBYTEYTmb	raw	connector-accessible; public/anyone sharing not verified	PASSED: parent listing returned exact Drive ID and byte count; preupload SHA recorded
W13_reproduction/runs/w6cert_normal.out.rc	raw	STALE LIVE-TREE SNAPSHOT / NONCONTROLLING	2	9a271f2a916b0b6ee6cecb2426f0b3206ef074578be55d9bc94f6f3fe3ab86aa	1kNBZF3wCgbCui2E8ni32RlX8DM_r2MLn	18YpU253UiRCvnyolvJk5pPxcBYTEYTmb	raw	connector-accessible; public/anyone sharing not verified	PASSED: parent listing returned exact Drive ID and byte count; preupload SHA recorded
W13_reproduction/runs/w6cert_normal.out.time	raw	STALE LIVE-TREE SNAPSHOT / NONCONTROLLING	6	61369a6b26a0448dfdb15062a5f7e76f9490868faa84c4e07afb51aac2f6fb2e	1zHrZEzdxUBs28xuMTmvXGzzO84Bmdd78	18YpU253UiRCvnyolvJk5pPxcBYTEYTmb	raw	connector-accessible; public/anyone sharing not verified	PASSED: parent listing returned exact Drive ID and byte count; preupload SHA recorded
W13_reproduction/runs/w6wp2_O.out	raw	STALE LIVE-TREE SNAPSHOT / NONCONTROLLING	1896	ce4245af43521eacc4030cd7feacd444303adb75d2e914cd11f05874c0bdff5d	1mG405DV9m0Xa2p2GFx7riOP4Yxr4TQ4y	18YpU253UiRCvnyolvJk5pPxcBYTEYTmb	raw	connector-accessible; public/anyone sharing not verified	PASSED: parent listing returned exact Drive ID and byte count; preupload SHA recorded
W13_reproduction/runs/w6wp2_O.out.rc	raw	STALE LIVE-TREE SNAPSHOT / NONCONTROLLING	2	9a271f2a916b0b6ee6cecb2426f0b3206ef074578be55d9bc94f6f3fe3ab86aa	1tqU93OvTxL5iSR55_qYLCsgj7uvXOzH3	18YpU253UiRCvnyolvJk5pPxcBYTEYTmb	raw	connector-accessible; public/anyone sharing not verified	PASSED: parent listing returned exact Drive ID and byte count; preupload SHA recorded
W13_reproduction/runs/w6wp2_O.out.time	raw	STALE LIVE-TREE SNAPSHOT / NONCONTROLLING	8	680d4010d29302a6fec37c1fd6a1c4fe31cce6a52a2f7600d97eeeb44bd15c0c	18kWGEBgKmefTk4pAtpPv_AwoRffd4xg_	18YpU253UiRCvnyolvJk5pPxcBYTEYTmb	raw	connector-accessible; public/anyone sharing not verified	PASSED: parent listing returned exact Drive ID and byte count; preupload SHA recorded
W13_reproduction/runs/w6wp2_normal.out	raw	STALE LIVE-TREE SNAPSHOT / NONCONTROLLING	1896	ce4245af43521eacc4030cd7feacd444303adb75d2e914cd11f05874c0bdff5d	1hDXEVAjW26jWcGNfcZiBYhSYg6COEh0c	18YpU253UiRCvnyolvJk5pPxcBYTEYTmb	raw	connector-accessible; public/anyone sharing not verified	PASSED: parent listing returned exact Drive ID and byte count; preupload SHA recorded
W13_reproduction/runs/w6wp2_normal.out.rc	raw	STALE LIVE-TREE SNAPSHOT / NONCONTROLLING	2	9a271f2a916b0b6ee6cecb2426f0b3206ef074578be55d9bc94f6f3fe3ab86aa	1rOI_Nue3T3L25IsMRDQueq5i7eYBz-Kc	18YpU253UiRCvnyolvJk5pPxcBYTEYTmb	raw	connector-accessible; public/anyone sharing not verified	PASSED: parent listing returned exact Drive ID and byte count; preupload SHA recorded
W13_reproduction/runs/w6wp2_normal.out.time	raw	STALE LIVE-TREE SNAPSHOT / NONCONTROLLING	8	1b563e86e640b90b15ede5da3834564a485f267edb566547494a1b3aef3d59d5	1IiaVahqSqv73Kr0qJL9OVgY2NG0MU98g	18YpU253UiRCvnyolvJk5pPxcBYTEYTmb	raw	connector-accessible; public/anyone sharing not verified	PASSED: parent listing returned exact Drive ID and byte count; preupload SHA recorded
W13_reproduction/runs/w7mut_O.out	raw	STALE LIVE-TREE SNAPSHOT / NONCONTROLLING	637	2a04b2872365327d3f2b4f1384dc70ac9968d0b559904d7759db54a9e2783e03	1ku6KclbYK3c7Oo--w-5GO_UFQfUm58uY	18YpU253UiRCvnyolvJk5pPxcBYTEYTmb	raw	connector-accessible; public/anyone sharing not verified	PASSED: parent listing returned exact Drive ID and byte count; preupload SHA recorded
W13_reproduction/runs/w7mut_O.out.rc	raw	STALE LIVE-TREE SNAPSHOT / NONCONTROLLING	2	9a271f2a916b0b6ee6cecb2426f0b3206ef074578be55d9bc94f6f3fe3ab86aa	18Z1fVyivR5ZoxkW6ass3I38N0_TMDAbZ	18YpU253UiRCvnyolvJk5pPxcBYTEYTmb	raw	connector-accessible; public/anyone sharing not verified	PASSED: parent listing returned exact Drive ID and byte count; preupload SHA recorded
W13_reproduction/runs/w7mut_O.out.time	raw	STALE LIVE-TREE SNAPSHOT / NONCONTROLLING	6	b6f24fbe96e6c8dea0d4dfa8e1b806de2c463f0e16bc180e896c5cdeb4efd943	1kdG5hqvm0AEZNfjV8Ax36qoTpC73vsb2	18YpU253UiRCvnyolvJk5pPxcBYTEYTmb	raw	connector-accessible; public/anyone sharing not verified	PASSED: parent listing returned exact Drive ID and byte count; preupload SHA recorded
W13_reproduction/runs/w7mut_normal.out	raw	STALE LIVE-TREE SNAPSHOT / NONCONTROLLING	637	2a04b2872365327d3f2b4f1384dc70ac9968d0b559904d7759db54a9e2783e03	1gPxXg21-CBawzY88sPSC82xNMBoNYfE9	18YpU253UiRCvnyolvJk5pPxcBYTEYTmb	raw	connector-accessible; public/anyone sharing not verified	PASSED: parent listing returned exact Drive ID and byte count; preupload SHA recorded
W13_reproduction/runs/w7mut_normal.out.rc	raw	STALE LIVE-TREE SNAPSHOT / NONCONTROLLING	2	9a271f2a916b0b6ee6cecb2426f0b3206ef074578be55d9bc94f6f3fe3ab86aa	1OS3w5w2_s38I0IX3wo5-OvSb8JfOHlZF	18YpU253UiRCvnyolvJk5pPxcBYTEYTmb	raw	connector-accessible; public/anyone sharing not verified	PASSED: parent listing returned exact Drive ID and byte count; preupload SHA recorded
W13_reproduction/runs/w7mut_normal.out.time	raw	STALE LIVE-TREE SNAPSHOT / NONCONTROLLING	6	e775d0f30df534f9d91c293e6738928d7352a117e68e607e335820b04d37ad42	16rb9jv50gfplV8SqZrampCgIDx7FpmmK	18YpU253UiRCvnyolvJk5pPxcBYTEYTmb	raw	connector-accessible; public/anyone sharing not verified	PASSED: parent listing returned exact Drive ID and byte count; preupload SHA recorded
W13_reproduction/runs/w7v_O.out	raw	STALE LIVE-TREE SNAPSHOT / NONCONTROLLING	5774	19c3c0099e0c1ca06fd1908827baeb40534e71759dbfd28b4efa244cc7864310	17UjCnZBO739Bq-KEulTMfahoLFvWA2Ee	18YpU253UiRCvnyolvJk5pPxcBYTEYTmb	raw	connector-accessible; public/anyone sharing not verified	PASSED: parent listing returned exact Drive ID and byte count; preupload SHA recorded
W13_reproduction/runs/w7v_O.out.rc	raw	STALE LIVE-TREE SNAPSHOT / NONCONTROLLING	2	9a271f2a916b0b6ee6cecb2426f0b3206ef074578be55d9bc94f6f3fe3ab86aa	1TltKbntMAICG2d7ffueGt-mHLaq49KZm	18YpU253UiRCvnyolvJk5pPxcBYTEYTmb	raw	connector-accessible; public/anyone sharing not verified	PASSED: parent listing returned exact Drive ID and byte count; preupload SHA recorded
W13_reproduction/runs/w7v_O.out.time	raw	STALE LIVE-TREE SNAPSHOT / NONCONTROLLING	5	fdab477a2efb28d847882a12a6aec98d90959c6df2640323803a74296c37010d	1qokpb_jOA0ln3gKw-banG9ijRNJ0eoP1	18YpU253UiRCvnyolvJk5pPxcBYTEYTmb	raw	connector-accessible; public/anyone sharing not verified	PASSED: parent listing returned exact Drive ID and byte count; preupload SHA recorded
W13_reproduction/runs/w7v_normal.out	raw	STALE LIVE-TREE SNAPSHOT / NONCONTROLLING	5774	19c3c0099e0c1ca06fd1908827baeb40534e71759dbfd28b4efa244cc7864310	19ZdDyivfjyZDGYrmNAVfm411VvSZYwA1	18YpU253UiRCvnyolvJk5pPxcBYTEYTmb	raw	connector-accessible; public/anyone sharing not verified	PASSED: parent listing returned exact Drive ID and byte count; preupload SHA recorded
W13_reproduction/runs/w7v_normal.out.rc	raw	STALE LIVE-TREE SNAPSHOT / NONCONTROLLING	2	9a271f2a916b0b6ee6cecb2426f0b3206ef074578be55d9bc94f6f3fe3ab86aa	1mFaAvUijKrVQp4R_-BQYdo7dtWaeW8M_	18YpU253UiRCvnyolvJk5pPxcBYTEYTmb	raw	connector-accessible; public/anyone sharing not verified	PASSED: parent listing returned exact Drive ID and byte count; preupload SHA recorded
W13_reproduction/runs/w7v_normal.out.time	raw	STALE LIVE-TREE SNAPSHOT / NONCONTROLLING	5	19dd9a2f07e28b08df55ad0e2f317c512ce12eb8070d2ca2bb1e05835ec5ff2b	1yHFSGt9In4NNLBSyrwavKfmmb2uARtgc	18YpU253UiRCvnyolvJk5pPxcBYTEYTmb	raw	connector-accessible; public/anyone sharing not verified	PASSED: parent listing returned exact Drive ID and byte count; preupload SHA recorded
W13_reproduction/runs/w9a_O.out	raw	STALE LIVE-TREE SNAPSHOT / NONCONTROLLING	17093	d6cfc8fb7b351ee21e24b9e941e8e5747d51f2487ee6e8bb71acab2b9d244f46	1O3ZNk_TtKSg15vGuxBj6goswdGWdc3MF	18YpU253UiRCvnyolvJk5pPxcBYTEYTmb	raw	connector-accessible; public/anyone sharing not verified	PASSED: parent listing returned exact Drive ID and byte count; preupload SHA recorded
W13_reproduction/runs/w9a_O.out.rc	raw	STALE LIVE-TREE SNAPSHOT / NONCONTROLLING	2	9a271f2a916b0b6ee6cecb2426f0b3206ef074578be55d9bc94f6f3fe3ab86aa	1WYUGschrHc0elOWkvSg8X_N3xxwIiYcB	18YpU253UiRCvnyolvJk5pPxcBYTEYTmb	raw	connector-accessible; public/anyone sharing not verified	PASSED: parent listing returned exact Drive ID and byte count; preupload SHA recorded
W13_reproduction/runs/w9a_O.out.time	raw	STALE LIVE-TREE SNAPSHOT / NONCONTROLLING	8	f22299a7a03f07f38913fc14b9e334b4899e851802156bca14fc723206f33fd0	1KvUUuaQPORmq5SPrIwdAwL-NYfTQjn8t	18YpU253UiRCvnyolvJk5pPxcBYTEYTmb	raw	connector-accessible; public/anyone sharing not verified	PASSED: parent listing returned exact Drive ID and byte count; preupload SHA recorded
W13_reproduction/runs/w9a_normal.out	raw	STALE LIVE-TREE SNAPSHOT / NONCONTROLLING	17093	d6cfc8fb7b351ee21e24b9e941e8e5747d51f2487ee6e8bb71acab2b9d244f46	1cp70LL41LluQvhRAH3ZUOnHkTlEnv4SB	18YpU253UiRCvnyolvJk5pPxcBYTEYTmb	raw	connector-accessible; public/anyone sharing not verified	PASSED: parent listing returned exact Drive ID and byte count; preupload SHA recorded
W13_reproduction/runs/w9a_normal.out.rc	raw	STALE LIVE-TREE SNAPSHOT / NONCONTROLLING	2	9a271f2a916b0b6ee6cecb2426f0b3206ef074578be55d9bc94f6f3fe3ab86aa	1fZJIWvfWclmyvckw2c5Aa0rsykzdrseF	18YpU253UiRCvnyolvJk5pPxcBYTEYTmb	raw	connector-accessible; public/anyone sharing not verified	PASSED: parent listing returned exact Drive ID and byte count; preupload SHA recorded
W13_reproduction/runs/w9a_normal.out.time	raw	STALE LIVE-TREE SNAPSHOT / NONCONTROLLING	8	5b8d70375501f69819a01d8f8f5bb44453f2a721e3676cbc05efa375524ed833	1z1l2DvdCndFmb6PIzZILQFrHMc_hHKci	18YpU253UiRCvnyolvJk5pPxcBYTEYTmb	raw	connector-accessible; public/anyone sharing not verified	PASSED: parent listing returned exact Drive ID and byte count; preupload SHA recorded
W13_reproduction/runs/w9c_O.out	raw	STALE LIVE-TREE SNAPSHOT / NONCONTROLLING	17581	3dd113e32922321e60cec4ae36e08d13a2cc85b00cf617b7035f647db66ef99a	1V_bfKRictzaRqYZukexrkCwAowKDOjxz	18YpU253UiRCvnyolvJk5pPxcBYTEYTmb	raw	connector-accessible; public/anyone sharing not verified	PASSED: parent listing returned exact Drive ID and byte count; preupload SHA recorded
W13_reproduction/runs/w9c_O.out.rc	raw	STALE LIVE-TREE SNAPSHOT / NONCONTROLLING	2	9a271f2a916b0b6ee6cecb2426f0b3206ef074578be55d9bc94f6f3fe3ab86aa	1TL55IMmiisoLagb8EU1nUS7_e7PLiBTJ	18YpU253UiRCvnyolvJk5pPxcBYTEYTmb	raw	connector-accessible; public/anyone sharing not verified	PASSED: parent listing returned exact Drive ID and byte count; preupload SHA recorded
W13_reproduction/runs/w9c_O.out.time	raw	STALE LIVE-TREE SNAPSHOT / NONCONTROLLING	7	01bcb26c4f72b7682a0cc5792c7a02586f4744a7efa6e1268654f68d20203785	1HB_YO_qcO65XQdYSm9K3JCfNvsFccZ_G	18YpU253UiRCvnyolvJk5pPxcBYTEYTmb	raw	connector-accessible; public/anyone sharing not verified	PASSED: parent listing returned exact Drive ID and byte count; preupload SHA recorded
W13_reproduction/runs/w9c_m1_quote_gate.out	raw	STALE LIVE-TREE SNAPSHOT / NONCONTROLLING	2096	57099b24e0179e3c603025bf69c2cf923c24f85281ee18b41e7e2369a903db31	1mk20YTkoW9pdU1dVvYh1_a6_7bISW4zG	18YpU253UiRCvnyolvJk5pPxcBYTEYTmb	raw	connector-accessible; public/anyone sharing not verified	PASSED: parent listing returned exact Drive ID and byte count; preupload SHA recorded
W13_reproduction/runs/w9c_m1_quote_gate.out.err	raw	STALE LIVE-TREE SNAPSHOT / NONCONTROLLING	45	8b3b5600f75da00f2d3e0c0af0204aa6f091b6f63ce00c9890a9429c598b903a	1dmPbbKEeMuxjIQVnY52CgFy3uY30RN7v	18YpU253UiRCvnyolvJk5pPxcBYTEYTmb	raw	connector-accessible; public/anyone sharing not verified	PASSED: parent listing returned exact Drive ID and byte count; preupload SHA recorded
W13_reproduction/runs/w9c_m1_quote_gate.out.rc	raw	STALE LIVE-TREE SNAPSHOT / NONCONTROLLING	2	4355a46b19d348dc2f57c046f8ef63d4538ebb936000f3c9ee954a27460dd865	1zodH7CySVvCgCX6tvxVMOozMPqIGixlU	18YpU253UiRCvnyolvJk5pPxcBYTEYTmb	raw	connector-accessible; public/anyone sharing not verified	PASSED: parent listing returned exact Drive ID and byte count; preupload SHA recorded
W13_reproduction/runs/w9c_m1_quote_gate.out.time	raw	STALE LIVE-TREE SNAPSHOT / NONCONTROLLING	6	d841eb1cc53606baf7ff60cffd028aea7f044f60921913613da44d75e74cc5af	1nF2ShgnAOteHlqIq96fwWCADKi0hqsvI	18YpU253UiRCvnyolvJk5pPxcBYTEYTmb	raw	connector-accessible; public/anyone sharing not verified	PASSED: parent listing returned exact Drive ID and byte count; preupload SHA recorded
W13_reproduction/runs/w9c_m2_chain_gate.out	raw	STALE LIVE-TREE SNAPSHOT / NONCONTROLLING	9854	a0a1d445b5d98359246d3166b29b030c1541ebda08058b8231540ebf159b448c	1A826S4EAGu3X_C9gb_NsZK4i2rnTDesb	18YpU253UiRCvnyolvJk5pPxcBYTEYTmb	raw	connector-accessible; public/anyone sharing not verified	PASSED: parent listing returned exact Drive ID and byte count; preupload SHA recorded
W13_reproduction/runs/w9c_m2_chain_gate.out.err	raw	STALE LIVE-TREE SNAPSHOT / NONCONTROLLING	53	da7c437c490e316cbeb500f7cb6ddd68a383fcf4c86c2360f2514c0fac3d5f3c	1pONsvsjLcJ-ebGk8KmeyceXnGV8q_u7P	18YpU253UiRCvnyolvJk5pPxcBYTEYTmb	raw	connector-accessible; public/anyone sharing not verified	PASSED: parent listing returned exact Drive ID and byte count; preupload SHA recorded
W13_reproduction/runs/w9c_m2_chain_gate.out.rc	raw	STALE LIVE-TREE SNAPSHOT / NONCONTROLLING	2	4355a46b19d348dc2f57c046f8ef63d4538ebb936000f3c9ee954a27460dd865	1EPfykzXmQNebkiM9GqIQQC6AZeyC1F13	18YpU253UiRCvnyolvJk5pPxcBYTEYTmb	raw	connector-accessible; public/anyone sharing not verified	PASSED: parent listing returned exact Drive ID and byte count; preupload SHA recorded
W13_reproduction/runs/w9c_m2_chain_gate.out.time	raw	STALE LIVE-TREE SNAPSHOT / NONCONTROLLING	7	42be2537dd5d48394002f568dbef578b991c48b6c4e793ff51c88f2430b5a516	1RnAsJKe5cGBtujWPJn-0dOXZZQBBEAQb	18YpU253UiRCvnyolvJk5pPxcBYTEYTmb	raw	connector-accessible; public/anyone sharing not verified	PASSED: parent listing returned exact Drive ID and byte count; preupload SHA recorded
W13_reproduction/runs/w9c_m3_ladder_gate.out	raw	STALE LIVE-TREE SNAPSHOT / NONCONTROLLING	5004	8e2b8ec79884c80755b84ed9f91f4d13584fdf8fa07499e31dfca6186d621182	1jESTkzPjoZVkaHU3zW_tXabqxpnhRstp	18YpU253UiRCvnyolvJk5pPxcBYTEYTmb	raw	connector-accessible; public/anyone sharing not verified	PASSED: parent listing returned exact Drive ID and byte count; preupload SHA recorded
W13_reproduction/runs/w9c_m3_ladder_gate.out.err	raw	STALE LIVE-TREE SNAPSHOT / NONCONTROLLING	41	14e01a6c9914971103344a8bf99485c51aa4f729255af2b7c495dbe810e16969	1ftIZyRwsMkNG5DY6hWP9IaZzbr1d05Uu	18YpU253UiRCvnyolvJk5pPxcBYTEYTmb	raw	connector-accessible; public/anyone sharing not verified	PASSED: parent listing returned exact Drive ID and byte count; preupload SHA recorded
W13_reproduction/runs/w9c_m3_ladder_gate.out.rc	raw	STALE LIVE-TREE SNAPSHOT / NONCONTROLLING	2	4355a46b19d348dc2f57c046f8ef63d4538ebb936000f3c9ee954a27460dd865	1h6KOca9pdQzRvO_1pT4d7GDSvz0HiR4w	18YpU253UiRCvnyolvJk5pPxcBYTEYTmb	raw	connector-accessible; public/anyone sharing not verified	PASSED: parent listing returned exact Drive ID and byte count; preupload SHA recorded
W13_reproduction/runs/w9c_m3_ladder_gate.out.time	raw	STALE LIVE-TREE SNAPSHOT / NONCONTROLLING	6	9552c70c6fd1c3080159d3f924a6bfc9cadfc78948a860a4ec161e46626cc42e	1yngQ7rirv6Zp-f-K5NHh9GBs_J1Ckcjt	18YpU253UiRCvnyolvJk5pPxcBYTEYTmb	raw	connector-accessible; public/anyone sharing not verified	PASSED: parent listing returned exact Drive ID and byte count; preupload SHA recorded
W13_reproduction/runs/w9c_m4_scope_gate.out	raw	STALE LIVE-TREE SNAPSHOT / NONCONTROLLING	3659	58a42735d11a822bd26ba7073523f44fd851ef066b00ab2d13fb0946b697ad48	1yqyV8sBQF_6OALqENxB9LmO0PAZ19jU_	18YpU253UiRCvnyolvJk5pPxcBYTEYTmb	raw	connector-accessible; public/anyone sharing not verified	PASSED: parent listing returned exact Drive ID and byte count; preupload SHA recorded
W13_reproduction/runs/w9c_m4_scope_gate.out.err	raw	STALE LIVE-TREE SNAPSHOT / NONCONTROLLING	58	c8fbb6a7420580cfcd1bd304391956ed3578456cee3bb0df1eb48e1f22507204	1Urf3RuC6T6p3Ujv_c2efdXj5BLDTQTCQ	18YpU253UiRCvnyolvJk5pPxcBYTEYTmb	raw	connector-accessible; public/anyone sharing not verified	PASSED: parent listing returned exact Drive ID and byte count; preupload SHA recorded
W13_reproduction/runs/w9c_m4_scope_gate.out.rc	raw	STALE LIVE-TREE SNAPSHOT / NONCONTROLLING	2	4355a46b19d348dc2f57c046f8ef63d4538ebb936000f3c9ee954a27460dd865	1V3MBgSm523gQPflUXLMld8rH37wwslgq	18YpU253UiRCvnyolvJk5pPxcBYTEYTmb	raw	connector-accessible; public/anyone sharing not verified	PASSED: parent listing returned exact Drive ID and byte count; preupload SHA recorded
W13_reproduction/runs/w9c_m4_scope_gate.out.time	raw	STALE LIVE-TREE SNAPSHOT / NONCONTROLLING	6	dc1831114808ff5eaf2c615f1612fded14e59216d940098ca7143212240a520c	1ezI4FM6Ni4ClQYoS3KxY8y7izuX7pvyt	18YpU253UiRCvnyolvJk5pPxcBYTEYTmb	raw	connector-accessible; public/anyone sharing not verified	PASSED: parent listing returned exact Drive ID and byte count; preupload SHA recorded
W13_reproduction/runs/w9c_normal.out	raw	STALE LIVE-TREE SNAPSHOT / NONCONTROLLING	17581	3dd113e32922321e60cec4ae36e08d13a2cc85b00cf617b7035f647db66ef99a	10l74Ojo66y5ZM02z3x_Ye4g2y8XO4QpG	18YpU253UiRCvnyolvJk5pPxcBYTEYTmb	raw	connector-accessible; public/anyone sharing not verified	PASSED: parent listing returned exact Drive ID and byte count; preupload SHA recorded
W13_reproduction/runs/w9c_normal.out.rc	raw	STALE LIVE-TREE SNAPSHOT / NONCONTROLLING	2	9a271f2a916b0b6ee6cecb2426f0b3206ef074578be55d9bc94f6f3fe3ab86aa	1_A-KegkZlNFV9cok1VuI95A1RdkJ97gZ	18YpU253UiRCvnyolvJk5pPxcBYTEYTmb	raw	connector-accessible; public/anyone sharing not verified	PASSED: parent listing returned exact Drive ID and byte count; preupload SHA recorded
W13_reproduction/runs/w9c_normal.out.time	raw	STALE LIVE-TREE SNAPSHOT / NONCONTROLLING	7	f1c19cb78723eae137106941759b365da96406d2558e5e32f1c3f75a2482e2b3	1byyUFDNhBD6xsMI6-FwHrA9ux0t0s85l	18YpU253UiRCvnyolvJk5pPxcBYTEYTmb	raw	connector-accessible; public/anyone sharing not verified	PASSED: parent listing returned exact Drive ID and byte count; preupload SHA recorded
K3-THM-001_conditional_theorem.md	pre-existing root raw	REFUTED AS WRITTEN / NONCONTROLLING	9760	715124dba1f089430594a3322b7d32c3508fbcb10c14f6591a432ff582f8854d	1VCDrxE5sp983c1uMTFCpmH4hJdDUw6Ut	0AGEUF_sx7o_MUk9PVA	raw	connector-accessible; owner-only metadata observed; public not verified	PASSED: exact archive identity matched opened Drive carrier
OPERATOR_HANDOFF.md	pre-existing root raw	INCOMING HANDOFF / NONCONTROLLING	4248	849d5370c7ce5066bb7b15ca1be8d6b6fe8b2ada3daae4f313156fe552e07b5c	1WVYjYHJltR9zVs_XiofmCxRLgthYMFeV	0AGEUF_sx7o_MUk9PVA	raw	connector-accessible; owner-only metadata observed; public not verified	PASSED: exact archive identity matched opened Drive carrier
GP-LB-STAT-004_K3_PARTIAL_DELIVERY_HOSTILE_ADJUDICATION_v1.0.md	GP additive status delta	REFUTED AS THEOREM-GRADE / LOWER CAMPAIGN OPEN	13399	26a9c7ef46b546acfdb0fda11f6ee8dd1e655752202d0add39e0011adf936a4c	1lfH7g57LcshqpLfNbrx-H7gbJckpzPqr	1-txt44n94bS8EQdlo1MTOZpGlJz92DTW	raw	connector-accessible; public/anyone sharing not verified	PASSED: exact Drive text equals local 13,399-byte source
GP_FORENSIC_extraction_record.json	GP forensic audit	INDEPENDENT FORENSIC / NONCONTROLLING	154905	03606783205880a40db59dbbc816ae73ea054c3f3667c8664ab7fc119bab02cc	1agVhGqGk6R4g8TiWDgRQHoGDhkSlePIL	1-txt44n94bS8EQdlo1MTOZpGlJz92DTW	raw	connector-accessible; public/anyone sharing not verified	PASSED: parent listing returned exact Drive ID and byte count; preupload SHA recorded
GP_FORENSIC_k3_classification.tsv	GP forensic audit	INDEPENDENT FORENSIC / NONCONTROLLING	35880	0dae46282f6d7d909cc0e3fbacd14957e6285fb462ee57e7d7527d552f0bbd7e	1AG7ZdsbR0AcUTmYJsY0di8bUbv5SQUSl	1-txt44n94bS8EQdlo1MTOZpGlJz92DTW	raw	connector-accessible; public/anyone sharing not verified	PASSED: parent listing returned exact Drive ID and byte count; preupload SHA recorded
GP_FORENSIC_key_k3_reports.tsv	GP forensic audit	INDEPENDENT FORENSIC / NONCONTROLLING	4760	b645508908ba7ef5900c80440e2d2aa7bcd7ae582c9ee8fe5129a8be2c1c5cdd	1PV0mnXFbZ45XTYU7dKGhTeGvirRbbW3c	1-txt44n94bS8EQdlo1MTOZpGlJz92DTW	raw	connector-accessible; public/anyone sharing not verified	PASSED: parent listing returned exact Drive ID and byte count; preupload SHA recorded
GP_FORENSIC_outer_inventory.csv	GP forensic audit	INDEPENDENT FORENSIC / NONCONTROLLING	154917	f654fe8fbeb6471f4af8a00d81c0ef4d6319eef8746ce6cd4d8cc62bb0bb2189	1rEO7i5XQhFIsVCxwHkxA0tOqBnQkM54d	1-txt44n94bS8EQdlo1MTOZpGlJz92DTW	raw	connector-accessible; public/anyone sharing not verified	PASSED: parent listing returned exact Drive ID and byte count; preupload SHA recorded
GP_FORENSIC_outer_summary.json	GP forensic audit	INDEPENDENT FORENSIC / NONCONTROLLING	5210	bcf6367668784356604b1e2c089c514ee7243bc0a8bdf6d999a73d8a18fa39f4	1ZP5qqsLQEZG3B_vqahpSFgG0gfYyW1Rn	1-txt44n94bS8EQdlo1MTOZpGlJz92DTW	raw	connector-accessible; public/anyone sharing not verified	PASSED: parent listing returned exact Drive ID and byte count; preupload SHA recorded
GP_FORENSIC_phase0_research_carriers.tsv	GP forensic audit	INDEPENDENT FORENSIC / NONCONTROLLING	3577	f51771134210e6840c833f388007654fb779da6dde3dad36721a230448adb304	1smvY_6-GzueZ2E6GQI6VL4J78ZwOAd3-	1-txt44n94bS8EQdlo1MTOZpGlJz92DTW	raw	connector-accessible; public/anyone sharing not verified	PASSED: parent listing returned exact Drive ID and byte count; preupload SHA recorded
SUPERSEDED_TRANSPORT_PREVIEW__ERRATA_2026-08-05__U+FFFD-12.pdf	transport preview	SUPERSEDED TRANSPORT PREVIEW / NONCONTROLLING	38404	224f98816a2353597444254cbe19355a774b1d0be0c103aa0350894031a4b9c8	1lRzebef89hn7WQN_CTbv3HeQ2NyQPsaM	1cCIfr-YCaqAZsoMeThj002mgB-6hfySg	raw binary	connector-accessible; public/anyone sharing not verified	PASSED: parent listing returned exact Drive ID and byte count; local hash verified before upload
SUPERSEDED_TRANSPORT_PREVIEW__00_READ_FIRST__U+FFFD-5.pdf	transport preview	SUPERSEDED TRANSPORT PREVIEW / NONCONTROLLING	45866	66bb924fb8b6633f351c644181ad525f6f103c435646672d7a3550b494fa7e75	1qJaXIiHb2GZyLn_Jw0P2ze_A5z8LhmJc	1cCIfr-YCaqAZsoMeThj002mgB-6hfySg	raw binary	connector-accessible; public/anyone sharing not verified	PASSED: parent listing returned exact Drive ID and byte count; local hash verified before upload
ADMINISTRATIVE_UI_EVIDENCE__K3_QUOTA_EXHAUSTED_W3_UNFROZEN.png	UI evidence	ADMINISTRATIVE UI EVIDENCE / NONCONTROLLING	421527	8fdd577c21266223a74fd121ec7090235bd66e6a0f0aaf31fc460ed7d3767d53	11_J5t19uvFZWLqqEOu3iVau_cTpso117	1cCIfr-YCaqAZsoMeThj002mgB-6hfySg	raw binary	connector-accessible; public/anyone sharing not verified	PASSED: parent listing returned exact Drive ID and byte count; local hash verified before upload
GP-LB-STAT-004 — Native Audit Mirror — REFUTED AS THEOREM-GRADE / LOWER OPEN	native mirror	REFUTED AS THEOREM-GRADE ASSEMBLY / LOWER CAMPAIGN OPEN			1fhzVqV-ix_rwEZLcRgVDxIyoM2bN3NVV83XyCF3U7BA	1iQwrmxHYIWYW7UFage-xQlNCbDrFufez	native Google Doc mirror	connector-accessible; public/anyone sharing not verified	PASSED: get_document readback after write/move
K3 00_READ_FIRST — Native Mirror — PARTIAL / SUPERSEDED BY GP AUDIT	native mirror	PARTIAL / SUPERSEDED BY GP AUDIT / NONCONTROLLING			16txJx7VBEZY6X_jkJf6vZ5lywyYlJal2JlniBTxwGUc	1iQwrmxHYIWYW7UFage-xQlNCbDrFufez	native Google Doc mirror	connector-accessible; public/anyone sharing not verified	PASSED: get_document readback after write/move
K3 W2 DERIVATION — Native Mirror — POINTWISE VALID / LEMMA 17 AMEND	native mirror	POINTWISE UPPER CHAIN VALID / LEMMA 17 AMEND / NO SPATIAL CLOSURE			1PkFsXtT3W1FU0QNfZ4l7Wx4C-hVWWNzPpEVps18P67g	1iQwrmxHYIWYW7UFage-xQlNCbDrFufez	native Google Doc mirror	connector-accessible; public/anyone sharing not verified	PASSED: get_document readback after write/move
K3 W3 REPORT — Native Mirror — INCOMPLETE PRE-FREEZE	native mirror	INCOMPLETE PRE-FREEZE / NO RIGOROUS ENCLOSURE / NONCONTROLLING			1iYYp1_x-Vj_n8ajLLqa346dAWgR6MXISEsXAvyRUcbw	1iQwrmxHYIWYW7UFage-xQlNCbDrFufez	native Google Doc mirror	connector-accessible; public/anyone sharing not verified	PASSED: get_document readback after write/move
K3 W4 REPORT — Native Mirror — NUMERICAL ESTIMATE / NOT ENCLOSURE	native mirror	NUMERICAL ESTIMATE / NOT ENCLOSURE / AUXILIARY CS INVALID			1FaxnSI7HOQCq5FNgWdoIVfraIMmfMsomRJROdW9SbKk	1iQwrmxHYIWYW7UFage-xQlNCbDrFufez	native Google Doc mirror	connector-accessible; public/anyone sharing not verified	PASSED: get_document readback after write/move
K3 W6 REPORT — Native Mirror — REFUTED AS RIGOROUS MODULUS	native mirror	REFUTED AS RIGOROUS MODULUS / NUMERICAL ONLY / PALM TRANSFER OPEN			1kkiLUCa-RuLj9Jy0HT2MUayN9pDd8gt7xbb-MQnlvCc	1iQwrmxHYIWYW7UFage-xQlNCbDrFufez	native Google Doc mirror	connector-accessible; public/anyone sharing not verified	PASSED: get_document readback after write/move
K3 W7 SCOPE ADDENDUM — Native Mirror — PARTIAL MINIMALITY	native mirror	PARTIAL MINIMALITY / EXIT o(1) AND OTHER LOSSES OPEN			1vlBqOqeXMc9bOH1puAHACPXbayRIPRA2TI3eybGTu7E	1iQwrmxHYIWYW7UFage-xQlNCbDrFufez	native Google Doc mirror	connector-accessible; public/anyone sharing not verified	PASSED: get_document readback after write/move
K3 W8 LAMBDA NONCLOSURE — Native Mirror — INCOMPLETE RECEIPTS	native mirror	FORMAL NONCLOSURE / H-B3 UNPROVED / INCOMPLETE RECEIPTS			1Bj5iGVoB0FKgGgaG9oHRS5AATCbOY-snq9pJi6mlb20	1iQwrmxHYIWYW7UFage-xQlNCbDrFufez	native Google Doc mirror	connector-accessible; public/anyone sharing not verified	PASSED: get_document readback after write/move
K3 W10 COMPOSITION — Native Mirror — VALID SCHEMA / LOAD-PATH GAP	native mirror	CONDITIONAL COMPOSITION SCHEMA / WEIGHTED-PALM AND BONFERRONI GAPS OPEN			1pSSdWo4OL4NO2Tm6CK5aJfwG3rx2NuDOvVKhnpUuQ5I	1iQwrmxHYIWYW7UFage-xQlNCbDrFufez	native Google Doc mirror	connector-accessible; public/anyone sharing not verified	PASSED: get_document readback after write/move
K3 W13 REPRODUCTION — Native Mirror — STALE SNAPSHOT	native mirror	STALE LIVE-TREE SNAPSHOT / NOT A FINAL SEAL / NONCONTROLLING			172J7VOIXATA98ATGsE9NM6emZUu3As4ZfRtejtpd2PU	1iQwrmxHYIWYW7UFage-xQlNCbDrFufez	native Google Doc mirror	connector-accessible; public/anyone sharing not verified	PASSED: get_document readback after write/move
K3-THM-001 — Native Audit Mirror — REFUTED AS WRITTEN / NONCONTROLLING	native mirror	REFUTED AS THEOREM-GRADE OR VALIDLY STATED CONDITIONAL ASSEMBLY / NONCONTROLLING			1TAg-aW6YDU1pop41WIFCDigb3zTNs_inLEspsb0sUDQ	1iQwrmxHYIWYW7UFage-xQlNCbDrFufez	native Google Doc mirror	connector-accessible; public/anyone sharing not verified	PASSED: get_document readback after write/move
GP-LB-REC-005_K3_INDIVIDUAL_UPLOAD_READBACK_LEDGER_v1.0.tsv	upload/readback ledger	AUDIT LEDGER / NONCONTROLLING	76915	9ec97b926f81fcd8606d171ba099b7e9932db196a74bb561773725f8ce5d793d	1-tfvqxG3v5Qhydg9EED9LR_o2c5CjeUM	1-txt44n94bS8EQdlo1MTOZpGlJz92DTW	raw	connector-accessible; public/anyone sharing not verified	PASSED: raw re-download 76,915 B and SHA-256 exact
AO48-AUD-065	pre-existing root adjudication	BYTE AUDIT USEFUL / MATHEMATICAL PROMOTION REFUTED	14319	1950ef095d567685a11259efcb7fa99cf9ce351525717fe145015ffe5451cac9	1gBREGX2DIw7FmJ0LZ-YQsTLiBas1QaeL	0AGEUF_sx7o_MUk9PVA	raw	connector-accessible; public/anyone sharing not verified	PASSED: raw re-download 14,319 B and SHA-256 exact

